level,total,porc,uf,mes,ano,var
Estabelecimentos com sala exclusiva de atendimento psicológico,3,0.25,ac,dez,2014,sala
Estabelecimentos com sala de atendimento psicológico compartilhada com outros serviços,7,0.5833333333333334,ac,dez,2014,sala
Estabelecimentos com sala exclusiva de atendimento psicológico,2,0.16666666666666666,ac,jun,2014,sala
Estabelecimentos com sala de atendimento psicológico compartilhada com outros serviços,7,0.5833333333333334,ac,jun,2014,sala
Estabelecimentos com sala exclusiva de atendimento psicológico,1,0.08333333333333333,ac,dez,2015,sala
Estabelecimentos com sala de atendimento psicológico compartilhada com outros serviços,9,0.75,ac,dez,2015,sala
Estabelecimentos com sala exclusiva de atendimento psicológico,1,0.07692307692307693,ac,dez,2016,sala
Estabelecimentos com sala de atendimento psicológico compartilhada com outros serviços,8,0.6153846153846154,ac,dez,2016,sala
Estabelecimentos com sala exclusiva de atendimento psicológico,2,0.16666666666666666,ac,jun,2016,sala
Estabelecimentos com sala de atendimento psicológico compartilhada com outros serviços,7,0.5833333333333334,ac,jun,2016,sala
Estabelecimentos com sala exclusiva de atendimento psicológico,3,0.21428571428571427,ac,dez,2017,sala
Estabelecimentos com sala de atendimento psicológico compartilhada com outros serviços,8,0.5714285714285714,ac,dez,2017,sala
Estabelecimentos com sala exclusiva de atendimento psicológico,6,0.46153846153846156,ac,jun,2017,sala
Estabelecimentos com sala de atendimento psicológico compartilhada com outros serviços,1,0.07692307692307693,ac,jun,2017,sala
Estabelecimentos com sala exclusiva de atendimento psicológico,3,0.21428571428571427,ac,dez,2018,sala
Estabelecimentos com sala de atendimento psicológico compartilhada com outros serviços,8,0.5714285714285714,ac,dez,2018,sala
Estabelecimentos com sala exclusiva de atendimento psicológico,4,0.2857142857142857,ac,jun,2018,sala
Estabelecimentos com sala de atendimento psicológico compartilhada com outros serviços,7,0.5,ac,jun,2018,sala
Estabelecimentos com sala exclusiva de atendimento psicológico,4,0.25,ac,dez,2019,sala
Estabelecimentos com sala de atendimento psicológico compartilhada com outros serviços,5,0.3125,ac,dez,2019,sala
Estabelecimentos com sala exclusiva de atendimento psicológico,3,0.1875,ac,jun,2019,sala
Estabelecimentos com sala de atendimento psicológico compartilhada com outros serviços,6,0.375,ac,jun,2019,sala
Estabelecimentos com sala exclusiva de atendimento psicológico,3,0.2,ac,dez,2020,sala
Estabelecimentos com sala de atendimento psicológico compartilhada com outros serviços,8,0.5333333333333333,ac,dez,2020,sala
Estabelecimentos com sala exclusiva de atendimento psicológico,2,0.125,ac,jun,2020,sala
Estabelecimentos com sala de atendimento psicológico compartilhada com outros serviços,7,0.4375,ac,jun,2020,sala
Estabelecimentos com sala exclusiva de atendimento psicológico,7,0.7777777777777778,al,dez,2014,sala
Estabelecimentos com sala de atendimento psicológico compartilhada com outros serviços,2,0.2222222222222222,al,dez,2014,sala
Estabelecimentos com sala exclusiva de atendimento psicológico,6,0.6666666666666666,al,jun,2014,sala
Estabelecimentos com sala de atendimento psicológico compartilhada com outros serviços,1,0.1111111111111111,al,jun,2014,sala
Estabelecimentos com sala exclusiva de atendimento psicológico,8,0.8888888888888888,al,dez,2015,sala
Estabelecimentos com sala de atendimento psicológico compartilhada com outros serviços,1,0.1111111111111111,al,dez,2015,sala
Estabelecimentos com sala exclusiva de atendimento psicológico,7,0.7,al,dez,2016,sala
Estabelecimentos com sala de atendimento psicológico compartilhada com outros serviços,2,0.2,al,dez,2016,sala
Estabelecimentos com sala exclusiva de atendimento psicológico,7,0.7777777777777778,al,jun,2016,sala
Estabelecimentos com sala de atendimento psicológico compartilhada com outros serviços,1,0.1111111111111111,al,jun,2016,sala
Estabelecimentos com sala exclusiva de atendimento psicológico,8,0.8,al,dez,2017,sala
Estabelecimentos com sala de atendimento psicológico compartilhada com outros serviços,1,0.1,al,dez,2017,sala
Estabelecimentos com sala exclusiva de atendimento psicológico,8,0.8,al,jun,2017,sala
Estabelecimentos com sala de atendimento psicológico compartilhada com outros serviços,1,0.1,al,jun,2017,sala
Estabelecimentos com sala exclusiva de atendimento psicológico,8,0.8,al,dez,2018,sala
Estabelecimentos com sala de atendimento psicológico compartilhada com outros serviços,2,0.2,al,dez,2018,sala
Estabelecimentos com sala exclusiva de atendimento psicológico,8,0.8,al,jun,2018,sala
Estabelecimentos com sala de atendimento psicológico compartilhada com outros serviços,2,0.2,al,jun,2018,sala
Estabelecimentos com sala exclusiva de atendimento psicológico,9,0.9,al,dez,2019,sala
Estabelecimentos com sala de atendimento psicológico compartilhada com outros serviços,0,0,al,dez,2019,sala
Estabelecimentos com sala exclusiva de atendimento psicológico,8,0.8,al,jun,2019,sala
Estabelecimentos com sala de atendimento psicológico compartilhada com outros serviços,1,0.1,al,jun,2019,sala
Estabelecimentos com sala exclusiva de atendimento psicológico,8,0.7272727272727273,al,dez,2020,sala
Estabelecimentos com sala de atendimento psicológico compartilhada com outros serviços,1,0.09090909090909091,al,dez,2020,sala
Estabelecimentos com sala exclusiva de atendimento psicológico,7,0.6363636363636364,al,jun,2020,sala
Estabelecimentos com sala de atendimento psicológico compartilhada com outros serviços,3,0.2727272727272727,al,jun,2020,sala
Estabelecimentos com sala exclusiva de atendimento psicológico,7,0.35,am,dez,2014,sala
Estabelecimentos com sala de atendimento psicológico compartilhada com outros serviços,7,0.35,am,dez,2014,sala
Estabelecimentos com sala exclusiva de atendimento psicológico,9,0.45,am,jun,2014,sala
Estabelecimentos com sala de atendimento psicológico compartilhada com outros serviços,2,0.1,am,jun,2014,sala
Estabelecimentos com sala exclusiva de atendimento psicológico,7,0.35,am,dez,2015,sala
Estabelecimentos com sala de atendimento psicológico compartilhada com outros serviços,4,0.2,am,dez,2015,sala
Estabelecimentos com sala exclusiva de atendimento psicológico,8,0.42105263157894735,am,dez,2016,sala
Estabelecimentos com sala de atendimento psicológico compartilhada com outros serviços,4,0.21052631578947367,am,dez,2016,sala
Estabelecimentos com sala exclusiva de atendimento psicológico,7,0.35,am,jun,2016,sala
Estabelecimentos com sala de atendimento psicológico compartilhada com outros serviços,4,0.2,am,jun,2016,sala
Estabelecimentos com sala exclusiva de atendimento psicológico,8,0.42105263157894735,am,dez,2017,sala
Estabelecimentos com sala de atendimento psicológico compartilhada com outros serviços,3,0.15789473684210525,am,dez,2017,sala
Estabelecimentos com sala exclusiva de atendimento psicológico,7,0.3684210526315789,am,jun,2017,sala
Estabelecimentos com sala de atendimento psicológico compartilhada com outros serviços,6,0.3157894736842105,am,jun,2017,sala
Estabelecimentos com sala exclusiva de atendimento psicológico,9,0.47368421052631576,am,dez,2018,sala
Estabelecimentos com sala de atendimento psicológico compartilhada com outros serviços,3,0.15789473684210525,am,dez,2018,sala
Estabelecimentos com sala exclusiva de atendimento psicológico,9,0.47368421052631576,am,jun,2018,sala
Estabelecimentos com sala de atendimento psicológico compartilhada com outros serviços,5,0.2631578947368421,am,jun,2018,sala
Estabelecimentos com sala exclusiva de atendimento psicológico,9,0.47368421052631576,am,dez,2019,sala
Estabelecimentos com sala de atendimento psicológico compartilhada com outros serviços,6,0.3157894736842105,am,dez,2019,sala
Estabelecimentos com sala exclusiva de atendimento psicológico,10,0.5263157894736842,am,jun,2019,sala
Estabelecimentos com sala de atendimento psicológico compartilhada com outros serviços,1,0.05263157894736842,am,jun,2019,sala
Estabelecimentos com sala exclusiva de atendimento psicológico,16,0.42105263157894735,am,dez,2020,sala
Estabelecimentos com sala de atendimento psicológico compartilhada com outros serviços,0,0,am,dez,2020,sala
Estabelecimentos com sala exclusiva de atendimento psicológico,9,0.42857142857142855,am,jun,2020,sala
Estabelecimentos com sala de atendimento psicológico compartilhada com outros serviços,5,0.23809523809523808,am,jun,2020,sala
Estabelecimentos com sala exclusiva de atendimento psicológico,0,0,ap,dez,2014,sala
Estabelecimentos com sala de atendimento psicológico compartilhada com outros serviços,5,0.625,ap,dez,2014,sala
Estabelecimentos com sala exclusiva de atendimento psicológico,3,0.375,ap,jun,2014,sala
Estabelecimentos com sala de atendimento psicológico compartilhada com outros serviços,4,0.5,ap,jun,2014,sala
Estabelecimentos com sala exclusiva de atendimento psicológico,0,0,ap,dez,2015,sala
Estabelecimentos com sala de atendimento psicológico compartilhada com outros serviços,5,0.625,ap,dez,2015,sala
Estabelecimentos com sala exclusiva de atendimento psicológico,0,0,ap,dez,2016,sala
Estabelecimentos com sala de atendimento psicológico compartilhada com outros serviços,6,0.8571428571428571,ap,dez,2016,sala
Estabelecimentos com sala exclusiva de atendimento psicológico,0,0,ap,jun,2016,sala
Estabelecimentos com sala de atendimento psicológico compartilhada com outros serviços,5,0.625,ap,jun,2016,sala
Estabelecimentos com sala exclusiva de atendimento psicológico,0,0,ap,dez,2017,sala
Estabelecimentos com sala de atendimento psicológico compartilhada com outros serviços,6,0.8571428571428571,ap,dez,2017,sala
Estabelecimentos com sala exclusiva de atendimento psicológico,0,0,ap,jun,2017,sala
Estabelecimentos com sala de atendimento psicológico compartilhada com outros serviços,6,0.8571428571428571,ap,jun,2017,sala
Estabelecimentos com sala exclusiva de atendimento psicológico,2,0.2857142857142857,ap,dez,2018,sala
Estabelecimentos com sala de atendimento psicológico compartilhada com outros serviços,5,0.7142857142857143,ap,dez,2018,sala
Estabelecimentos com sala exclusiva de atendimento psicológico,3,0.42857142857142855,ap,jun,2018,sala
Estabelecimentos com sala de atendimento psicológico compartilhada com outros serviços,4,0.5714285714285714,ap,jun,2018,sala
Estabelecimentos com sala exclusiva de atendimento psicológico,2,0.2857142857142857,ap,dez,2019,sala
Estabelecimentos com sala de atendimento psicológico compartilhada com outros serviços,5,0.7142857142857143,ap,dez,2019,sala
Estabelecimentos com sala exclusiva de atendimento psicológico,2,0.2857142857142857,ap,jun,2019,sala
Estabelecimentos com sala de atendimento psicológico compartilhada com outros serviços,5,0.7142857142857143,ap,jun,2019,sala
Estabelecimentos com sala exclusiva de atendimento psicológico,1,0.125,ap,dez,2020,sala
Estabelecimentos com sala de atendimento psicológico compartilhada com outros serviços,7,0.875,ap,dez,2020,sala
Estabelecimentos com sala exclusiva de atendimento psicológico,1,0.125,ap,jun,2020,sala
Estabelecimentos com sala de atendimento psicológico compartilhada com outros serviços,7,0.875,ap,jun,2020,sala
Estabelecimentos com sala exclusiva de atendimento psicológico,16,0.6956521739130435,ba,dez,2014,sala
Estabelecimentos com sala de atendimento psicológico compartilhada com outros serviços,6,0.2608695652173913,ba,dez,2014,sala
Estabelecimentos com sala exclusiva de atendimento psicológico,17,0.7727272727272727,ba,jun,2014,sala
Estabelecimentos com sala de atendimento psicológico compartilhada com outros serviços,5,0.22727272727272727,ba,jun,2014,sala
Estabelecimentos com sala exclusiva de atendimento psicológico,16,0.7619047619047619,ba,dez,2015,sala
Estabelecimentos com sala de atendimento psicológico compartilhada com outros serviços,5,0.23809523809523808,ba,dez,2015,sala
Estabelecimentos com sala exclusiva de atendimento psicológico,16,0.6153846153846154,ba,dez,2016,sala
Estabelecimentos com sala de atendimento psicológico compartilhada com outros serviços,7,0.2692307692307692,ba,dez,2016,sala
Estabelecimentos com sala exclusiva de atendimento psicológico,16,0.7619047619047619,ba,jun,2016,sala
Estabelecimentos com sala de atendimento psicológico compartilhada com outros serviços,5,0.23809523809523808,ba,jun,2016,sala
Estabelecimentos com sala exclusiva de atendimento psicológico,19,0.7037037037037037,ba,dez,2017,sala
Estabelecimentos com sala de atendimento psicológico compartilhada com outros serviços,6,0.2222222222222222,ba,dez,2017,sala
Estabelecimentos com sala exclusiva de atendimento psicológico,18,0.6666666666666666,ba,jun,2017,sala
Estabelecimentos com sala de atendimento psicológico compartilhada com outros serviços,5,0.18518518518518517,ba,jun,2017,sala
Estabelecimentos com sala exclusiva de atendimento psicológico,21,0.7777777777777778,ba,dez,2018,sala
Estabelecimentos com sala de atendimento psicológico compartilhada com outros serviços,4,0.14814814814814814,ba,dez,2018,sala
Estabelecimentos com sala exclusiva de atendimento psicológico,20,0.7407407407407407,ba,jun,2018,sala
Estabelecimentos com sala de atendimento psicológico compartilhada com outros serviços,5,0.18518518518518517,ba,jun,2018,sala
Estabelecimentos com sala exclusiva de atendimento psicológico,21,0.7777777777777778,ba,dez,2019,sala
Estabelecimentos com sala de atendimento psicológico compartilhada com outros serviços,4,0.14814814814814814,ba,dez,2019,sala
Estabelecimentos com sala exclusiva de atendimento psicológico,21,0.7777777777777778,ba,jun,2019,sala
Estabelecimentos com sala de atendimento psicológico compartilhada com outros serviços,4,0.14814814814814814,ba,jun,2019,sala
Estabelecimentos com sala exclusiva de atendimento psicológico,22,0.8148148148148148,ba,dez,2020,sala
Estabelecimentos com sala de atendimento psicológico compartilhada com outros serviços,4,0.14814814814814814,ba,dez,2020,sala
Estabelecimentos com sala exclusiva de atendimento psicológico,22,0.7586206896551724,ba,jun,2020,sala
Estabelecimentos com sala de atendimento psicológico compartilhada com outros serviços,3,0.10344827586206896,ba,jun,2020,sala
Estabelecimentos com sala exclusiva de atendimento psicológico,6,0.03773584905660377,ce,dez,2014,sala
Estabelecimentos com sala de atendimento psicológico compartilhada com outros serviços,97,0.610062893081761,ce,dez,2014,sala
Estabelecimentos com sala exclusiva de atendimento psicológico,3,0.0189873417721519,ce,jun,2014,sala
Estabelecimentos com sala de atendimento psicológico compartilhada com outros serviços,48,0.3037974683544304,ce,jun,2014,sala
Estabelecimentos com sala exclusiva de atendimento psicológico,6,0.04054054054054054,ce,dez,2015,sala
Estabelecimentos com sala de atendimento psicológico compartilhada com outros serviços,51,0.34459459459459457,ce,dez,2015,sala
Estabelecimentos com sala exclusiva de atendimento psicológico,7,0.04697986577181208,ce,dez,2016,sala
Estabelecimentos com sala de atendimento psicológico compartilhada com outros serviços,57,0.3825503355704698,ce,dez,2016,sala
Estabelecimentos com sala exclusiva de atendimento psicológico,6,0.04054054054054054,ce,jun,2016,sala
Estabelecimentos com sala de atendimento psicológico compartilhada com outros serviços,47,0.31756756756756754,ce,jun,2016,sala
Estabelecimentos com sala exclusiva de atendimento psicológico,10,0.0684931506849315,ce,dez,2017,sala
Estabelecimentos com sala de atendimento psicológico compartilhada com outros serviços,46,0.3150684931506849,ce,dez,2017,sala
Estabelecimentos com sala exclusiva de atendimento psicológico,8,0.053691275167785234,ce,jun,2017,sala
Estabelecimentos com sala de atendimento psicológico compartilhada com outros serviços,47,0.31543624161073824,ce,jun,2017,sala
Estabelecimentos com sala exclusiva de atendimento psicológico,9,0.06569343065693431,ce,dez,2018,sala
Estabelecimentos com sala de atendimento psicológico compartilhada com outros serviços,49,0.35766423357664234,ce,dez,2018,sala
Estabelecimentos com sala exclusiva de atendimento psicológico,9,0.06428571428571428,ce,jun,2018,sala
Estabelecimentos com sala de atendimento psicológico compartilhada com outros serviços,48,0.34285714285714286,ce,jun,2018,sala
Estabelecimentos com sala exclusiva de atendimento psicológico,11,0.3235294117647059,ce,dez,2019,sala
Estabelecimentos com sala de atendimento psicológico compartilhada com outros serviços,18,0.5294117647058824,ce,dez,2019,sala
Estabelecimentos com sala exclusiva de atendimento psicológico,12,0.3333333333333333,ce,jun,2019,sala
Estabelecimentos com sala de atendimento psicológico compartilhada com outros serviços,11,0.3055555555555556,ce,jun,2019,sala
Estabelecimentos com sala exclusiva de atendimento psicológico,12,0.375,ce,dez,2020,sala
Estabelecimentos com sala de atendimento psicológico compartilhada com outros serviços,13,0.40625,ce,dez,2020,sala
Estabelecimentos com sala exclusiva de atendimento psicológico,11,0.34375,ce,jun,2020,sala
Estabelecimentos com sala de atendimento psicológico compartilhada com outros serviços,15,0.46875,ce,jun,2020,sala
Estabelecimentos com sala exclusiva de atendimento psicológico,3,0.5,df,dez,2014,sala
Estabelecimentos com sala de atendimento psicológico compartilhada com outros serviços,3,0.5,df,dez,2014,sala
Estabelecimentos com sala exclusiva de atendimento psicológico,3,0.5,df,jun,2014,sala
Estabelecimentos com sala de atendimento psicológico compartilhada com outros serviços,3,0.5,df,jun,2014,sala
Estabelecimentos com sala exclusiva de atendimento psicológico,5,0.8333333333333334,df,dez,2015,sala
Estabelecimentos com sala de atendimento psicológico compartilhada com outros serviços,1,0.16666666666666666,df,dez,2015,sala
Estabelecimentos com sala exclusiva de atendimento psicológico,3,0.5,df,dez,2016,sala
Estabelecimentos com sala de atendimento psicológico compartilhada com outros serviços,3,0.5,df,dez,2016,sala
Estabelecimentos com sala exclusiva de atendimento psicológico,5,0.8333333333333334,df,jun,2016,sala
Estabelecimentos com sala de atendimento psicológico compartilhada com outros serviços,1,0.16666666666666666,df,jun,2016,sala
Estabelecimentos com sala exclusiva de atendimento psicológico,5,0.8333333333333334,df,dez,2017,sala
Estabelecimentos com sala de atendimento psicológico compartilhada com outros serviços,1,0.16666666666666666,df,dez,2017,sala
Estabelecimentos com sala exclusiva de atendimento psicológico,5,0.8333333333333334,df,jun,2017,sala
Estabelecimentos com sala de atendimento psicológico compartilhada com outros serviços,1,0.16666666666666666,df,jun,2017,sala
Estabelecimentos com sala exclusiva de atendimento psicológico,5,0.8333333333333334,df,dez,2018,sala
Estabelecimentos com sala de atendimento psicológico compartilhada com outros serviços,1,0.16666666666666666,df,dez,2018,sala
Estabelecimentos com sala exclusiva de atendimento psicológico,5,0.8333333333333334,df,jun,2018,sala
Estabelecimentos com sala de atendimento psicológico compartilhada com outros serviços,1,0.16666666666666666,df,jun,2018,sala
Estabelecimentos com sala exclusiva de atendimento psicológico,5,0.8333333333333334,df,dez,2019,sala
Estabelecimentos com sala de atendimento psicológico compartilhada com outros serviços,1,0.16666666666666666,df,dez,2019,sala
Estabelecimentos com sala exclusiva de atendimento psicológico,5,0.8333333333333334,df,jun,2019,sala
Estabelecimentos com sala de atendimento psicológico compartilhada com outros serviços,1,0.16666666666666666,df,jun,2019,sala
Estabelecimentos com sala exclusiva de atendimento psicológico,2,0.2,df,dez,2020,sala
Estabelecimentos com sala de atendimento psicológico compartilhada com outros serviços,5,0.5,df,dez,2020,sala
Estabelecimentos com sala exclusiva de atendimento psicológico,4,0.5,df,jun,2020,sala
Estabelecimentos com sala de atendimento psicológico compartilhada com outros serviços,3,0.375,df,jun,2020,sala
Estabelecimentos com sala exclusiva de atendimento psicológico,24,0.6857142857142857,es,dez,2014,sala
Estabelecimentos com sala de atendimento psicológico compartilhada com outros serviços,10,0.2857142857142857,es,dez,2014,sala
Estabelecimentos com sala exclusiva de atendimento psicológico,24,0.6857142857142857,es,jun,2014,sala
Estabelecimentos com sala de atendimento psicológico compartilhada com outros serviços,10,0.2857142857142857,es,jun,2014,sala
Estabelecimentos com sala exclusiva de atendimento psicológico,23,0.6764705882352942,es,dez,2015,sala
Estabelecimentos com sala de atendimento psicológico compartilhada com outros serviços,9,0.2647058823529412,es,dez,2015,sala
Estabelecimentos com sala exclusiva de atendimento psicológico,23,0.6764705882352942,es,dez,2016,sala
Estabelecimentos com sala de atendimento psicológico compartilhada com outros serviços,10,0.29411764705882354,es,dez,2016,sala
Estabelecimentos com sala exclusiva de atendimento psicológico,22,0.6470588235294118,es,jun,2016,sala
Estabelecimentos com sala de atendimento psicológico compartilhada com outros serviços,10,0.29411764705882354,es,jun,2016,sala
Estabelecimentos com sala exclusiva de atendimento psicológico,22,0.6470588235294118,es,dez,2017,sala
Estabelecimentos com sala de atendimento psicológico compartilhada com outros serviços,11,0.3235294117647059,es,dez,2017,sala
Estabelecimentos com sala exclusiva de atendimento psicológico,26,0.7647058823529411,es,jun,2017,sala
Estabelecimentos com sala de atendimento psicológico compartilhada com outros serviços,7,0.20588235294117646,es,jun,2017,sala
Estabelecimentos com sala exclusiva de atendimento psicológico,19,0.5588235294117647,es,dez,2018,sala
Estabelecimentos com sala de atendimento psicológico compartilhada com outros serviços,14,0.4117647058823529,es,dez,2018,sala
Estabelecimentos com sala exclusiva de atendimento psicológico,20,0.5882352941176471,es,jun,2018,sala
Estabelecimentos com sala de atendimento psicológico compartilhada com outros serviços,13,0.38235294117647056,es,jun,2018,sala
Estabelecimentos com sala exclusiva de atendimento psicológico,22,0.6470588235294118,es,dez,2019,sala
Estabelecimentos com sala de atendimento psicológico compartilhada com outros serviços,11,0.3235294117647059,es,dez,2019,sala
Estabelecimentos com sala exclusiva de atendimento psicológico,20,0.5882352941176471,es,jun,2019,sala
Estabelecimentos com sala de atendimento psicológico compartilhada com outros serviços,13,0.38235294117647056,es,jun,2019,sala
Estabelecimentos com sala exclusiva de atendimento psicológico,22,0.3793103448275862,es,dez,2020,sala
Estabelecimentos com sala de atendimento psicológico compartilhada com outros serviços,11,0.1896551724137931,es,dez,2020,sala
Estabelecimentos com sala exclusiva de atendimento psicológico,21,0.6,es,jun,2020,sala
Estabelecimentos com sala de atendimento psicológico compartilhada com outros serviços,12,0.34285714285714286,es,jun,2020,sala
Estabelecimentos com sala exclusiva de atendimento psicológico,5,0.05,go,dez,2014,sala
Estabelecimentos com sala de atendimento psicológico compartilhada com outros serviços,29,0.29,go,dez,2014,sala
Estabelecimentos com sala exclusiva de atendimento psicológico,6,0.06315789473684211,go,jun,2014,sala
Estabelecimentos com sala de atendimento psicológico compartilhada com outros serviços,20,0.21052631578947367,go,jun,2014,sala
Estabelecimentos com sala exclusiva de atendimento psicológico,6,0.06060606060606061,go,dez,2015,sala
Estabelecimentos com sala de atendimento psicológico compartilhada com outros serviços,32,0.32323232323232326,go,dez,2015,sala
Estabelecimentos com sala exclusiva de atendimento psicológico,5,0.045454545454545456,go,dez,2016,sala
Estabelecimentos com sala de atendimento psicológico compartilhada com outros serviços,35,0.3181818181818182,go,dez,2016,sala
Estabelecimentos com sala exclusiva de atendimento psicológico,6,0.058823529411764705,go,jun,2016,sala
Estabelecimentos com sala de atendimento psicológico compartilhada com outros serviços,32,0.3137254901960784,go,jun,2016,sala
Estabelecimentos com sala exclusiva de atendimento psicológico,3,0.02608695652173913,go,dez,2017,sala
Estabelecimentos com sala de atendimento psicológico compartilhada com outros serviços,41,0.3565217391304348,go,dez,2017,sala
Estabelecimentos com sala exclusiva de atendimento psicológico,3,0.02608695652173913,go,jun,2017,sala
Estabelecimentos com sala de atendimento psicológico compartilhada com outros serviços,43,0.3739130434782609,go,jun,2017,sala
Estabelecimentos com sala exclusiva de atendimento psicológico,8,0.06722689075630252,go,dez,2018,sala
Estabelecimentos com sala de atendimento psicológico compartilhada com outros serviços,45,0.37815126050420167,go,dez,2018,sala
Estabelecimentos com sala exclusiva de atendimento psicológico,6,0.05042016806722689,go,jun,2018,sala
Estabelecimentos com sala de atendimento psicológico compartilhada com outros serviços,49,0.4117647058823529,go,jun,2018,sala
Estabelecimentos com sala exclusiva de atendimento psicológico,10,0.08849557522123894,go,dez,2019,sala
Estabelecimentos com sala de atendimento psicológico compartilhada com outros serviços,47,0.415929203539823,go,dez,2019,sala
Estabelecimentos com sala exclusiva de atendimento psicológico,9,0.0782608695652174,go,jun,2019,sala
Estabelecimentos com sala de atendimento psicológico compartilhada com outros serviços,46,0.4,go,jun,2019,sala
Estabelecimentos com sala exclusiva de atendimento psicológico,11,0.10185185185185185,go,dez,2020,sala
Estabelecimentos com sala de atendimento psicológico compartilhada com outros serviços,45,0.4166666666666667,go,dez,2020,sala
Estabelecimentos com sala exclusiva de atendimento psicológico,9,0.08571428571428572,go,jun,2020,sala
Estabelecimentos com sala de atendimento psicológico compartilhada com outros serviços,46,0.4380952380952381,go,jun,2020,sala
Estabelecimentos com sala exclusiva de atendimento psicológico,10,0.3125,ma,dez,2014,sala
Estabelecimentos com sala de atendimento psicológico compartilhada com outros serviços,14,0.4375,ma,dez,2014,sala
Estabelecimentos com sala exclusiva de atendimento psicológico,9,0.28125,ma,jun,2014,sala
Estabelecimentos com sala de atendimento psicológico compartilhada com outros serviços,14,0.4375,ma,jun,2014,sala
Estabelecimentos com sala exclusiva de atendimento psicológico,6,0.15384615384615385,ma,dez,2015,sala
Estabelecimentos com sala de atendimento psicológico compartilhada com outros serviços,30,0.7692307692307693,ma,dez,2015,sala
Estabelecimentos com sala exclusiva de atendimento psicológico,7,0.1590909090909091,ma,dez,2016,sala
Estabelecimentos com sala de atendimento psicológico compartilhada com outros serviços,37,0.8409090909090909,ma,dez,2016,sala
Estabelecimentos com sala exclusiva de atendimento psicológico,6,0.14634146341463414,ma,jun,2016,sala
Estabelecimentos com sala de atendimento psicológico compartilhada com outros serviços,33,0.8048780487804879,ma,jun,2016,sala
Estabelecimentos com sala exclusiva de atendimento psicológico,7,0.14,ma,dez,2017,sala
Estabelecimentos com sala de atendimento psicológico compartilhada com outros serviços,43,0.86,ma,dez,2017,sala
Estabelecimentos com sala exclusiva de atendimento psicológico,7,0.1590909090909091,ma,jun,2017,sala
Estabelecimentos com sala de atendimento psicológico compartilhada com outros serviços,37,0.8409090909090909,ma,jun,2017,sala
Estabelecimentos com sala exclusiva de atendimento psicológico,2,0.04,ma,dez,2018,sala
Estabelecimentos com sala de atendimento psicológico compartilhada com outros serviços,48,0.96,ma,dez,2018,sala
Estabelecimentos com sala exclusiva de atendimento psicológico,6,0.11764705882352941,ma,jun,2018,sala
Estabelecimentos com sala de atendimento psicológico compartilhada com outros serviços,45,0.8823529411764706,ma,jun,2018,sala
Estabelecimentos com sala exclusiva de atendimento psicológico,1,0.019230769230769232,ma,dez,2019,sala
Estabelecimentos com sala de atendimento psicológico compartilhada com outros serviços,51,0.9807692307692307,ma,dez,2019,sala
Estabelecimentos com sala exclusiva de atendimento psicológico,1,0.0196078431372549,ma,jun,2019,sala
Estabelecimentos com sala de atendimento psicológico compartilhada com outros serviços,50,0.9803921568627451,ma,jun,2019,sala
Estabelecimentos com sala exclusiva de atendimento psicológico,0,0,ma,dez,2020,sala
Estabelecimentos com sala de atendimento psicológico compartilhada com outros serviços,52,0.9811320754716981,ma,dez,2020,sala
Estabelecimentos com sala exclusiva de atendimento psicológico,1,0.018867924528301886,ma,jun,2020,sala
Estabelecimentos com sala de atendimento psicológico compartilhada com outros serviços,51,0.9622641509433962,ma,jun,2020,sala
Estabelecimentos com sala exclusiva de atendimento psicológico,69,0.372972972972973,mg,dez,2014,sala
Estabelecimentos com sala de atendimento psicológico compartilhada com outros serviços,88,0.4756756756756757,mg,dez,2014,sala
Estabelecimentos com sala exclusiva de atendimento psicológico,57,0.30978260869565216,mg,jun,2014,sala
Estabelecimentos com sala de atendimento psicológico compartilhada com outros serviços,78,0.42391304347826086,mg,jun,2014,sala
Estabelecimentos com sala exclusiva de atendimento psicológico,78,0.41711229946524064,mg,dez,2015,sala
Estabelecimentos com sala de atendimento psicológico compartilhada com outros serviços,79,0.42245989304812837,mg,dez,2015,sala
Estabelecimentos com sala exclusiva de atendimento psicológico,77,0.31048387096774194,mg,dez,2016,sala
Estabelecimentos com sala de atendimento psicológico compartilhada com outros serviços,94,0.3790322580645161,mg,dez,2016,sala
Estabelecimentos com sala exclusiva de atendimento psicológico,84,0.4444444444444444,mg,jun,2016,sala
Estabelecimentos com sala de atendimento psicológico compartilhada com outros serviços,72,0.38095238095238093,mg,jun,2016,sala
Estabelecimentos com sala exclusiva de atendimento psicológico,84,0.35294117647058826,mg,dez,2017,sala
Estabelecimentos com sala de atendimento psicológico compartilhada com outros serviços,96,0.40336134453781514,mg,dez,2017,sala
Estabelecimentos com sala exclusiva de atendimento psicológico,86,0.34959349593495936,mg,jun,2017,sala
Estabelecimentos com sala de atendimento psicológico compartilhada com outros serviços,90,0.36585365853658536,mg,jun,2017,sala
Estabelecimentos com sala exclusiva de atendimento psicológico,72,0.30638297872340425,mg,dez,2018,sala
Estabelecimentos com sala de atendimento psicológico compartilhada com outros serviços,105,0.44680851063829785,mg,dez,2018,sala
Estabelecimentos com sala exclusiva de atendimento psicológico,78,0.33191489361702126,mg,jun,2018,sala
Estabelecimentos com sala de atendimento psicológico compartilhada com outros serviços,97,0.4127659574468085,mg,jun,2018,sala
Estabelecimentos com sala exclusiva de atendimento psicológico,81,0.34763948497854075,mg,dez,2019,sala
Estabelecimentos com sala de atendimento psicológico compartilhada com outros serviços,103,0.44206008583690987,mg,dez,2019,sala
Estabelecimentos com sala exclusiva de atendimento psicológico,74,0.31759656652360513,mg,jun,2019,sala
Estabelecimentos com sala de atendimento psicológico compartilhada com outros serviços,102,0.43776824034334766,mg,jun,2019,sala
Estabelecimentos com sala exclusiva de atendimento psicológico,83,0.3562231759656652,mg,dez,2020,sala
Estabelecimentos com sala de atendimento psicológico compartilhada com outros serviços,104,0.44635193133047213,mg,dez,2020,sala
Estabelecimentos com sala exclusiva de atendimento psicológico,82,0.35807860262008734,mg,jun,2020,sala
Estabelecimentos com sala de atendimento psicológico compartilhada com outros serviços,102,0.44541484716157204,mg,jun,2020,sala
Estabelecimentos com sala exclusiva de atendimento psicológico,14,0.3181818181818182,ms,dez,2014,sala
Estabelecimentos com sala de atendimento psicológico compartilhada com outros serviços,15,0.3409090909090909,ms,dez,2014,sala
Estabelecimentos com sala exclusiva de atendimento psicológico,11,0.25,ms,jun,2014,sala
Estabelecimentos com sala de atendimento psicológico compartilhada com outros serviços,14,0.3181818181818182,ms,jun,2014,sala
Estabelecimentos com sala exclusiva de atendimento psicológico,14,0.3111111111111111,ms,dez,2015,sala
Estabelecimentos com sala de atendimento psicológico compartilhada com outros serviços,16,0.35555555555555557,ms,dez,2015,sala
Estabelecimentos com sala exclusiva de atendimento psicológico,15,0.3333333333333333,ms,dez,2016,sala
Estabelecimentos com sala de atendimento psicológico compartilhada com outros serviços,17,0.37777777777777777,ms,dez,2016,sala
Estabelecimentos com sala exclusiva de atendimento psicológico,13,0.28888888888888886,ms,jun,2016,sala
Estabelecimentos com sala de atendimento psicológico compartilhada com outros serviços,17,0.37777777777777777,ms,jun,2016,sala
Estabelecimentos com sala exclusiva de atendimento psicológico,15,0.3333333333333333,ms,dez,2017,sala
Estabelecimentos com sala de atendimento psicológico compartilhada com outros serviços,16,0.35555555555555557,ms,dez,2017,sala
Estabelecimentos com sala exclusiva de atendimento psicológico,13,0.28888888888888886,ms,jun,2017,sala
Estabelecimentos com sala de atendimento psicológico compartilhada com outros serviços,19,0.4222222222222222,ms,jun,2017,sala
Estabelecimentos com sala exclusiva de atendimento psicológico,14,0.3111111111111111,ms,dez,2018,sala
Estabelecimentos com sala de atendimento psicológico compartilhada com outros serviços,15,0.3333333333333333,ms,dez,2018,sala
Estabelecimentos com sala exclusiva de atendimento psicológico,13,0.28888888888888886,ms,jun,2018,sala
Estabelecimentos com sala de atendimento psicológico compartilhada com outros serviços,16,0.35555555555555557,ms,jun,2018,sala
Estabelecimentos com sala exclusiva de atendimento psicológico,17,0.425,ms,dez,2019,sala
Estabelecimentos com sala de atendimento psicológico compartilhada com outros serviços,14,0.35,ms,dez,2019,sala
Estabelecimentos com sala exclusiva de atendimento psicológico,17,0.40476190476190477,ms,jun,2019,sala
Estabelecimentos com sala de atendimento psicológico compartilhada com outros serviços,14,0.3333333333333333,ms,jun,2019,sala
Estabelecimentos com sala exclusiva de atendimento psicológico,21,0.5,ms,dez,2020,sala
Estabelecimentos com sala de atendimento psicológico compartilhada com outros serviços,14,0.3333333333333333,ms,dez,2020,sala
Estabelecimentos com sala exclusiva de atendimento psicológico,19,0.4523809523809524,ms,jun,2020,sala
Estabelecimentos com sala de atendimento psicológico compartilhada com outros serviços,15,0.35714285714285715,ms,jun,2020,sala
Estabelecimentos com sala exclusiva de atendimento psicológico,7,0.1206896551724138,mt,dez,2014,sala
Estabelecimentos com sala de atendimento psicológico compartilhada com outros serviços,21,0.3620689655172414,mt,dez,2014,sala
Estabelecimentos com sala exclusiva de atendimento psicológico,9,0.15254237288135594,mt,jun,2014,sala
Estabelecimentos com sala de atendimento psicológico compartilhada com outros serviços,20,0.3389830508474576,mt,jun,2014,sala
Estabelecimentos com sala exclusiva de atendimento psicológico,9,0.16981132075471697,mt,dez,2015,sala
Estabelecimentos com sala de atendimento psicológico compartilhada com outros serviços,13,0.24528301886792453,mt,dez,2015,sala
Estabelecimentos com sala exclusiva de atendimento psicológico,7,0.12962962962962962,mt,dez,2016,sala
Estabelecimentos com sala de atendimento psicológico compartilhada com outros serviços,23,0.42592592592592593,mt,dez,2016,sala
Estabelecimentos com sala exclusiva de atendimento psicológico,8,0.1568627450980392,mt,jun,2016,sala
Estabelecimentos com sala de atendimento psicológico compartilhada com outros serviços,15,0.29411764705882354,mt,jun,2016,sala
Estabelecimentos com sala exclusiva de atendimento psicológico,10,0.18518518518518517,mt,dez,2017,sala
Estabelecimentos com sala de atendimento psicológico compartilhada com outros serviços,24,0.4444444444444444,mt,dez,2017,sala
Estabelecimentos com sala exclusiva de atendimento psicológico,7,0.12962962962962962,mt,jun,2017,sala
Estabelecimentos com sala de atendimento psicológico compartilhada com outros serviços,21,0.3888888888888889,mt,jun,2017,sala
Estabelecimentos com sala exclusiva de atendimento psicológico,8,0.14814814814814814,mt,dez,2018,sala
Estabelecimentos com sala de atendimento psicológico compartilhada com outros serviços,24,0.4444444444444444,mt,dez,2018,sala
Estabelecimentos com sala exclusiva de atendimento psicológico,8,0.14814814814814814,mt,jun,2018,sala
Estabelecimentos com sala de atendimento psicológico compartilhada com outros serviços,24,0.4444444444444444,mt,jun,2018,sala
Estabelecimentos com sala exclusiva de atendimento psicológico,10,0.19230769230769232,mt,dez,2019,sala
Estabelecimentos com sala de atendimento psicológico compartilhada com outros serviços,24,0.46153846153846156,mt,dez,2019,sala
Estabelecimentos com sala exclusiva de atendimento psicológico,9,0.16666666666666666,mt,jun,2019,sala
Estabelecimentos com sala de atendimento psicológico compartilhada com outros serviços,30,0.5555555555555556,mt,jun,2019,sala
Estabelecimentos com sala exclusiva de atendimento psicológico,8,0.16326530612244897,mt,dez,2020,sala
Estabelecimentos com sala de atendimento psicológico compartilhada com outros serviços,24,0.4897959183673469,mt,dez,2020,sala
Estabelecimentos com sala exclusiva de atendimento psicológico,9,0.1836734693877551,mt,jun,2020,sala
Estabelecimentos com sala de atendimento psicológico compartilhada com outros serviços,21,0.42857142857142855,mt,jun,2020,sala
Estabelecimentos com sala exclusiva de atendimento psicológico,13,0.3170731707317073,pa,dez,2014,sala
Estabelecimentos com sala de atendimento psicológico compartilhada com outros serviços,22,0.5365853658536586,pa,dez,2014,sala
Estabelecimentos com sala exclusiva de atendimento psicológico,12,0.2926829268292683,pa,jun,2014,sala
Estabelecimentos com sala de atendimento psicológico compartilhada com outros serviços,20,0.4878048780487805,pa,jun,2014,sala
Estabelecimentos com sala exclusiva de atendimento psicológico,15,0.3488372093023256,pa,dez,2015,sala
Estabelecimentos com sala de atendimento psicológico compartilhada com outros serviços,22,0.5116279069767442,pa,dez,2015,sala
Estabelecimentos com sala exclusiva de atendimento psicológico,18,0.391304347826087,pa,dez,2016,sala
Estabelecimentos com sala de atendimento psicológico compartilhada com outros serviços,21,0.45652173913043476,pa,dez,2016,sala
Estabelecimentos com sala exclusiva de atendimento psicológico,17,0.38636363636363635,pa,jun,2016,sala
Estabelecimentos com sala de atendimento psicológico compartilhada com outros serviços,22,0.5,pa,jun,2016,sala
Estabelecimentos com sala exclusiva de atendimento psicológico,20,0.43478260869565216,pa,dez,2017,sala
Estabelecimentos com sala de atendimento psicológico compartilhada com outros serviços,18,0.391304347826087,pa,dez,2017,sala
Estabelecimentos com sala exclusiva de atendimento psicológico,24,0.5217391304347826,pa,jun,2017,sala
Estabelecimentos com sala de atendimento psicológico compartilhada com outros serviços,18,0.391304347826087,pa,jun,2017,sala
Estabelecimentos com sala exclusiva de atendimento psicológico,25,0.5102040816326531,pa,dez,2018,sala
Estabelecimentos com sala de atendimento psicológico compartilhada com outros serviços,18,0.3673469387755102,pa,dez,2018,sala
Estabelecimentos com sala exclusiva de atendimento psicológico,23,0.46938775510204084,pa,jun,2018,sala
Estabelecimentos com sala de atendimento psicológico compartilhada com outros serviços,20,0.40816326530612246,pa,jun,2018,sala
Estabelecimentos com sala exclusiva de atendimento psicológico,24,0.47058823529411764,pa,dez,2019,sala
Estabelecimentos com sala de atendimento psicológico compartilhada com outros serviços,23,0.45098039215686275,pa,dez,2019,sala
Estabelecimentos com sala exclusiva de atendimento psicológico,23,0.46938775510204084,pa,jun,2019,sala
Estabelecimentos com sala de atendimento psicológico compartilhada com outros serviços,22,0.4489795918367347,pa,jun,2019,sala
Estabelecimentos com sala exclusiva de atendimento psicológico,21,0.40384615384615385,pa,dez,2020,sala
Estabelecimentos com sala de atendimento psicológico compartilhada com outros serviços,27,0.5192307692307693,pa,dez,2020,sala
Estabelecimentos com sala exclusiva de atendimento psicológico,20,0.39215686274509803,pa,jun,2020,sala
Estabelecimentos com sala de atendimento psicológico compartilhada com outros serviços,28,0.5490196078431373,pa,jun,2020,sala
Estabelecimentos com sala exclusiva de atendimento psicológico,3,0.0375,pb,dez,2014,sala
Estabelecimentos com sala de atendimento psicológico compartilhada com outros serviços,18,0.225,pb,dez,2014,sala
Estabelecimentos com sala exclusiva de atendimento psicológico,5,0.0641025641025641,pb,jun,2014,sala
Estabelecimentos com sala de atendimento psicológico compartilhada com outros serviços,17,0.21794871794871795,pb,jun,2014,sala
Estabelecimentos com sala exclusiva de atendimento psicológico,4,0.06060606060606061,pb,dez,2015,sala
Estabelecimentos com sala de atendimento psicológico compartilhada com outros serviços,15,0.22727272727272727,pb,dez,2015,sala
Estabelecimentos com sala exclusiva de atendimento psicológico,6,0.07407407407407407,pb,dez,2016,sala
Estabelecimentos com sala de atendimento psicológico compartilhada com outros serviços,17,0.20987654320987653,pb,dez,2016,sala
Estabelecimentos com sala exclusiva de atendimento psicológico,5,0.07692307692307693,pb,jun,2016,sala
Estabelecimentos com sala de atendimento psicológico compartilhada com outros serviços,18,0.27692307692307694,pb,jun,2016,sala
Estabelecimentos com sala exclusiva de atendimento psicológico,4,0.04938271604938271,pb,dez,2017,sala
Estabelecimentos com sala de atendimento psicológico compartilhada com outros serviços,19,0.2345679012345679,pb,dez,2017,sala
Estabelecimentos com sala exclusiva de atendimento psicológico,8,0.1,pb,jun,2017,sala
Estabelecimentos com sala de atendimento psicológico compartilhada com outros serviços,19,0.2375,pb,jun,2017,sala
Estabelecimentos com sala exclusiva de atendimento psicológico,4,0.04938271604938271,pb,dez,2018,sala
Estabelecimentos com sala de atendimento psicológico compartilhada com outros serviços,22,0.2716049382716049,pb,dez,2018,sala
Estabelecimentos com sala exclusiva de atendimento psicológico,5,0.06172839506172839,pb,jun,2018,sala
Estabelecimentos com sala de atendimento psicológico compartilhada com outros serviços,19,0.2345679012345679,pb,jun,2018,sala
Estabelecimentos com sala exclusiva de atendimento psicológico,5,0.0625,pb,dez,2019,sala
Estabelecimentos com sala de atendimento psicológico compartilhada com outros serviços,25,0.3125,pb,dez,2019,sala
Estabelecimentos com sala exclusiva de atendimento psicológico,4,0.05063291139240506,pb,jun,2019,sala
Estabelecimentos com sala de atendimento psicológico compartilhada com outros serviços,24,0.3037974683544304,pb,jun,2019,sala
Estabelecimentos com sala exclusiva de atendimento psicológico,7,0.09090909090909091,pb,dez,2020,sala
Estabelecimentos com sala de atendimento psicológico compartilhada com outros serviços,31,0.4025974025974026,pb,dez,2020,sala
Estabelecimentos com sala exclusiva de atendimento psicológico,6,0.07894736842105263,pb,jun,2020,sala
Estabelecimentos com sala de atendimento psicológico compartilhada com outros serviços,20,0.2631578947368421,pb,jun,2020,sala
Estabelecimentos com sala exclusiva de atendimento psicológico,9,0.1125,pe,dez,2014,sala
Estabelecimentos com sala de atendimento psicológico compartilhada com outros serviços,22,0.275,pe,dez,2014,sala
Estabelecimentos com sala exclusiva de atendimento psicológico,12,0.15584415584415584,pe,jun,2014,sala
Estabelecimentos com sala de atendimento psicológico compartilhada com outros serviços,14,0.18181818181818182,pe,jun,2014,sala
Estabelecimentos com sala exclusiva de atendimento psicológico,5,0.06329113924050633,pe,dez,2015,sala
Estabelecimentos com sala de atendimento psicológico compartilhada com outros serviços,16,0.20253164556962025,pe,dez,2015,sala
Estabelecimentos com sala exclusiva de atendimento psicológico,8,0.10256410256410256,pe,dez,2016,sala
Estabelecimentos com sala de atendimento psicológico compartilhada com outros serviços,15,0.19230769230769232,pe,dez,2016,sala
Estabelecimentos com sala exclusiva de atendimento psicológico,6,0.0759493670886076,pe,jun,2016,sala
Estabelecimentos com sala de atendimento psicológico compartilhada com outros serviços,17,0.21518987341772153,pe,jun,2016,sala
Estabelecimentos com sala exclusiva de atendimento psicológico,10,0.13157894736842105,pe,dez,2017,sala
Estabelecimentos com sala de atendimento psicológico compartilhada com outros serviços,13,0.17105263157894737,pe,dez,2017,sala
Estabelecimentos com sala exclusiva de atendimento psicológico,8,0.10256410256410256,pe,jun,2017,sala
Estabelecimentos com sala de atendimento psicológico compartilhada com outros serviços,13,0.16666666666666666,pe,jun,2017,sala
Estabelecimentos com sala exclusiva de atendimento psicológico,11,0.14285714285714285,pe,dez,2018,sala
Estabelecimentos com sala de atendimento psicológico compartilhada com outros serviços,11,0.14285714285714285,pe,dez,2018,sala
Estabelecimentos com sala exclusiva de atendimento psicológico,12,0.15584415584415584,pe,jun,2018,sala
Estabelecimentos com sala de atendimento psicológico compartilhada com outros serviços,11,0.14285714285714285,pe,jun,2018,sala
Estabelecimentos com sala exclusiva de atendimento psicológico,13,0.17105263157894737,pe,dez,2019,sala
Estabelecimentos com sala de atendimento psicológico compartilhada com outros serviços,12,0.15789473684210525,pe,dez,2019,sala
Estabelecimentos com sala exclusiva de atendimento psicológico,12,0.15789473684210525,pe,jun,2019,sala
Estabelecimentos com sala de atendimento psicológico compartilhada com outros serviços,12,0.15789473684210525,pe,jun,2019,sala
Estabelecimentos com sala exclusiva de atendimento psicológico,12,0.1,pe,dez,2020,sala
Estabelecimentos com sala de atendimento psicológico compartilhada com outros serviços,17,0.14166666666666666,pe,dez,2020,sala
Estabelecimentos com sala exclusiva de atendimento psicológico,11,0.1506849315068493,pe,jun,2020,sala
Estabelecimentos com sala de atendimento psicológico compartilhada com outros serviços,15,0.2054794520547945,pe,jun,2020,sala
Estabelecimentos com sala exclusiva de atendimento psicológico,0,0,pi,dez,2014,sala
Estabelecimentos com sala de atendimento psicológico compartilhada com outros serviços,10,0.7142857142857143,pi,dez,2014,sala
Estabelecimentos com sala exclusiva de atendimento psicológico,0,0,pi,jun,2014,sala
Estabelecimentos com sala de atendimento psicológico compartilhada com outros serviços,9,0.6923076923076923,pi,jun,2014,sala
Estabelecimentos com sala exclusiva de atendimento psicológico,2,0.13333333333333333,pi,dez,2015,sala
Estabelecimentos com sala de atendimento psicológico compartilhada com outros serviços,8,0.5333333333333333,pi,dez,2015,sala
Estabelecimentos com sala exclusiva de atendimento psicológico,2,0.125,pi,dez,2016,sala
Estabelecimentos com sala de atendimento psicológico compartilhada com outros serviços,10,0.625,pi,dez,2016,sala
Estabelecimentos com sala exclusiva de atendimento psicológico,0,0,pi,jun,2016,sala
Estabelecimentos com sala de atendimento psicológico compartilhada com outros serviços,11,0.7333333333333333,pi,jun,2016,sala
Estabelecimentos com sala exclusiva de atendimento psicológico,3,0.1875,pi,dez,2017,sala
Estabelecimentos com sala de atendimento psicológico compartilhada com outros serviços,9,0.5625,pi,dez,2017,sala
Estabelecimentos com sala exclusiva de atendimento psicológico,4,0.25,pi,jun,2017,sala
Estabelecimentos com sala de atendimento psicológico compartilhada com outros serviços,6,0.375,pi,jun,2017,sala
Estabelecimentos com sala exclusiva de atendimento psicológico,3,0.1875,pi,dez,2018,sala
Estabelecimentos com sala de atendimento psicológico compartilhada com outros serviços,7,0.4375,pi,dez,2018,sala
Estabelecimentos com sala exclusiva de atendimento psicológico,3,0.1875,pi,jun,2018,sala
Estabelecimentos com sala de atendimento psicológico compartilhada com outros serviços,8,0.5,pi,jun,2018,sala
Estabelecimentos com sala exclusiva de atendimento psicológico,3,0.1875,pi,dez,2019,sala
Estabelecimentos com sala de atendimento psicológico compartilhada com outros serviços,11,0.6875,pi,dez,2019,sala
Estabelecimentos com sala exclusiva de atendimento psicológico,5,0.3125,pi,jun,2019,sala
Estabelecimentos com sala de atendimento psicológico compartilhada com outros serviços,8,0.5,pi,jun,2019,sala
Estabelecimentos com sala exclusiva de atendimento psicológico,5,0.2777777777777778,pi,dez,2020,sala
Estabelecimentos com sala de atendimento psicológico compartilhada com outros serviços,12,0.6666666666666666,pi,dez,2020,sala
Estabelecimentos com sala exclusiva de atendimento psicológico,4,0.2222222222222222,pi,jun,2020,sala
Estabelecimentos com sala de atendimento psicológico compartilhada com outros serviços,12,0.6666666666666666,pi,jun,2020,sala
Estabelecimentos com sala exclusiva de atendimento psicológico,14,0.4117647058823529,pr,dez,2014,sala
Estabelecimentos com sala de atendimento psicológico compartilhada com outros serviços,15,0.4411764705882353,pr,dez,2014,sala
Estabelecimentos com sala exclusiva de atendimento psicológico,12,0.34285714285714286,pr,jun,2014,sala
Estabelecimentos com sala de atendimento psicológico compartilhada com outros serviços,17,0.4857142857142857,pr,jun,2014,sala
Estabelecimentos com sala exclusiva de atendimento psicológico,9,0.2727272727272727,pr,dez,2015,sala
Estabelecimentos com sala de atendimento psicológico compartilhada com outros serviços,20,0.6060606060606061,pr,dez,2015,sala
Estabelecimentos com sala exclusiva de atendimento psicológico,11,0.3548387096774194,pr,dez,2016,sala
Estabelecimentos com sala de atendimento psicológico compartilhada com outros serviços,16,0.5161290322580645,pr,dez,2016,sala
Estabelecimentos com sala exclusiva de atendimento psicológico,10,0.30303030303030304,pr,jun,2016,sala
Estabelecimentos com sala de atendimento psicológico compartilhada com outros serviços,17,0.5151515151515151,pr,jun,2016,sala
Estabelecimentos com sala exclusiva de atendimento psicológico,13,0.41935483870967744,pr,dez,2017,sala
Estabelecimentos com sala de atendimento psicológico compartilhada com outros serviços,14,0.45161290322580644,pr,dez,2017,sala
Estabelecimentos com sala exclusiva de atendimento psicológico,13,0.41935483870967744,pr,jun,2017,sala
Estabelecimentos com sala de atendimento psicológico compartilhada com outros serviços,14,0.45161290322580644,pr,jun,2017,sala
Estabelecimentos com sala exclusiva de atendimento psicológico,13,0.3611111111111111,pr,dez,2018,sala
Estabelecimentos com sala de atendimento psicológico compartilhada com outros serviços,14,0.3888888888888889,pr,dez,2018,sala
Estabelecimentos com sala exclusiva de atendimento psicológico,13,0.3611111111111111,pr,jun,2018,sala
Estabelecimentos com sala de atendimento psicológico compartilhada com outros serviços,14,0.3888888888888889,pr,jun,2018,sala
Estabelecimentos com sala exclusiva de atendimento psicológico,10,0.14925373134328357,pr,dez,2019,sala
Estabelecimentos com sala de atendimento psicológico compartilhada com outros serviços,22,0.3283582089552239,pr,dez,2019,sala
Estabelecimentos com sala exclusiva de atendimento psicológico,10,0.3225806451612903,pr,jun,2019,sala
Estabelecimentos com sala de atendimento psicológico compartilhada com outros serviços,16,0.5161290322580645,pr,jun,2019,sala
Estabelecimentos com sala exclusiva de atendimento psicológico,11,0.15942028985507245,pr,dez,2020,sala
Estabelecimentos com sala de atendimento psicológico compartilhada com outros serviços,31,0.4492753623188406,pr,dez,2020,sala
Estabelecimentos com sala exclusiva de atendimento psicológico,11,0.15942028985507245,pr,jun,2020,sala
Estabelecimentos com sala de atendimento psicológico compartilhada com outros serviços,25,0.36231884057971014,pr,jun,2020,sala
Estabelecimentos com sala exclusiva de atendimento psicológico,36,0.7058823529411765,rj,dez,2014,sala
Estabelecimentos com sala de atendimento psicológico compartilhada com outros serviços,14,0.27450980392156865,rj,dez,2014,sala
Estabelecimentos com sala exclusiva de atendimento psicológico,11,0.22,rj,jun,2014,sala
Estabelecimentos com sala de atendimento psicológico compartilhada com outros serviços,37,0.74,rj,jun,2014,sala
Estabelecimentos com sala exclusiva de atendimento psicológico,30,0.6122448979591837,rj,dez,2015,sala
Estabelecimentos com sala de atendimento psicológico compartilhada com outros serviços,11,0.22448979591836735,rj,dez,2015,sala
Estabelecimentos com sala exclusiva de atendimento psicológico,25,0.5102040816326531,rj,dez,2016,sala
Estabelecimentos com sala de atendimento psicológico compartilhada com outros serviços,22,0.4489795918367347,rj,dez,2016,sala
Estabelecimentos com sala exclusiva de atendimento psicológico,30,0.6122448979591837,rj,jun,2016,sala
Estabelecimentos com sala de atendimento psicológico compartilhada com outros serviços,11,0.22448979591836735,rj,jun,2016,sala
Estabelecimentos com sala exclusiva de atendimento psicológico,32,0.64,rj,dez,2017,sala
Estabelecimentos com sala de atendimento psicológico compartilhada com outros serviços,17,0.34,rj,dez,2017,sala
Estabelecimentos com sala exclusiva de atendimento psicológico,28,0.56,rj,jun,2017,sala
Estabelecimentos com sala de atendimento psicológico compartilhada com outros serviços,21,0.42,rj,jun,2017,sala
Estabelecimentos com sala exclusiva de atendimento psicológico,29,0.58,rj,dez,2018,sala
Estabelecimentos com sala de atendimento psicológico compartilhada com outros serviços,20,0.4,rj,dez,2018,sala
Estabelecimentos com sala exclusiva de atendimento psicológico,28,0.56,rj,jun,2018,sala
Estabelecimentos com sala de atendimento psicológico compartilhada com outros serviços,21,0.42,rj,jun,2018,sala
Estabelecimentos com sala exclusiva de atendimento psicológico,28,0.56,rj,dez,2019,sala
Estabelecimentos com sala de atendimento psicológico compartilhada com outros serviços,19,0.38,rj,dez,2019,sala
Estabelecimentos com sala exclusiva de atendimento psicológico,29,0.58,rj,jun,2019,sala
Estabelecimentos com sala de atendimento psicológico compartilhada com outros serviços,18,0.36,rj,jun,2019,sala
Estabelecimentos com sala exclusiva de atendimento psicológico,24,0.38095238095238093,rj,dez,2020,sala
Estabelecimentos com sala de atendimento psicológico compartilhada com outros serviços,27,0.42857142857142855,rj,dez,2020,sala
Estabelecimentos com sala exclusiva de atendimento psicológico,24,0.47058823529411764,rj,jun,2020,sala
Estabelecimentos com sala de atendimento psicológico compartilhada com outros serviços,22,0.43137254901960786,rj,jun,2020,sala
Estabelecimentos com sala exclusiva de atendimento psicológico,1,0.03125,rn,dez,2014,sala
Estabelecimentos com sala de atendimento psicológico compartilhada com outros serviços,4,0.125,rn,dez,2014,sala
Estabelecimentos com sala exclusiva de atendimento psicológico,0,0,rn,jun,2014,sala
Estabelecimentos com sala de atendimento psicológico compartilhada com outros serviços,1,0.03125,rn,jun,2014,sala
Estabelecimentos com sala exclusiva de atendimento psicológico,0,0,rn,dez,2015,sala
Estabelecimentos com sala de atendimento psicológico compartilhada com outros serviços,12,0.375,rn,dez,2015,sala
Estabelecimentos com sala exclusiva de atendimento psicológico,0,0,rn,dez,2016,sala
Estabelecimentos com sala de atendimento psicológico compartilhada com outros serviços,9,0.28125,rn,dez,2016,sala
Estabelecimentos com sala exclusiva de atendimento psicológico,0,0,rn,jun,2016,sala
Estabelecimentos com sala de atendimento psicológico compartilhada com outros serviços,9,0.28125,rn,jun,2016,sala
Estabelecimentos com sala exclusiva de atendimento psicológico,0,0,rn,dez,2017,sala
Estabelecimentos com sala de atendimento psicológico compartilhada com outros serviços,10,0.3448275862068966,rn,dez,2017,sala
Estabelecimentos com sala exclusiva de atendimento psicológico,0,0,rn,jun,2017,sala
Estabelecimentos com sala de atendimento psicológico compartilhada com outros serviços,10,0.3225806451612903,rn,jun,2017,sala
Estabelecimentos com sala exclusiva de atendimento psicológico,0,0,rn,dez,2018,sala
Estabelecimentos com sala de atendimento psicológico compartilhada com outros serviços,12,0.42857142857142855,rn,dez,2018,sala
Estabelecimentos com sala exclusiva de atendimento psicológico,0,0,rn,jun,2018,sala
Estabelecimentos com sala de atendimento psicológico compartilhada com outros serviços,12,0.42857142857142855,rn,jun,2018,sala
Estabelecimentos com sala exclusiva de atendimento psicológico,2,0.11764705882352941,rn,dez,2019,sala
Estabelecimentos com sala de atendimento psicológico compartilhada com outros serviços,13,0.7647058823529411,rn,dez,2019,sala
Estabelecimentos com sala exclusiva de atendimento psicológico,1,0.038461538461538464,rn,jun,2019,sala
Estabelecimentos com sala de atendimento psicológico compartilhada com outros serviços,17,0.6538461538461539,rn,jun,2019,sala
Estabelecimentos com sala exclusiva de atendimento psicológico,4,0.15384615384615385,rn,dez,2020,sala
Estabelecimentos com sala de atendimento psicológico compartilhada com outros serviços,10,0.38461538461538464,rn,dez,2020,sala
Estabelecimentos com sala exclusiva de atendimento psicológico,1,0.058823529411764705,rn,jun,2020,sala
Estabelecimentos com sala de atendimento psicológico compartilhada com outros serviços,13,0.7647058823529411,rn,jun,2020,sala
Estabelecimentos com sala exclusiva de atendimento psicológico,1,0.02,ro,dez,2014,sala
Estabelecimentos com sala de atendimento psicológico compartilhada com outros serviços,19,0.38,ro,dez,2014,sala
Estabelecimentos com sala exclusiva de atendimento psicológico,6,0.12,ro,jun,2014,sala
Estabelecimentos com sala de atendimento psicológico compartilhada com outros serviços,10,0.2,ro,jun,2014,sala
Estabelecimentos com sala exclusiva de atendimento psicológico,1,0.0196078431372549,ro,dez,2015,sala
Estabelecimentos com sala de atendimento psicológico compartilhada com outros serviços,13,0.2549019607843137,ro,dez,2015,sala
Estabelecimentos com sala exclusiva de atendimento psicológico,5,0.1,ro,dez,2016,sala
Estabelecimentos com sala de atendimento psicológico compartilhada com outros serviços,6,0.12,ro,dez,2016,sala
Estabelecimentos com sala exclusiva de atendimento psicológico,2,0.038461538461538464,ro,jun,2016,sala
Estabelecimentos com sala de atendimento psicológico compartilhada com outros serviços,11,0.21153846153846154,ro,jun,2016,sala
Estabelecimentos com sala exclusiva de atendimento psicológico,3,0.06,ro,dez,2017,sala
Estabelecimentos com sala de atendimento psicológico compartilhada com outros serviços,14,0.28,ro,dez,2017,sala
Estabelecimentos com sala exclusiva de atendimento psicológico,3,0.06,ro,jun,2017,sala
Estabelecimentos com sala de atendimento psicológico compartilhada com outros serviços,14,0.28,ro,jun,2017,sala
Estabelecimentos com sala exclusiva de atendimento psicológico,4,0.08,ro,dez,2018,sala
Estabelecimentos com sala de atendimento psicológico compartilhada com outros serviços,16,0.32,ro,dez,2018,sala
Estabelecimentos com sala exclusiva de atendimento psicológico,4,0.0784313725490196,ro,dez,2019,sala
Estabelecimentos com sala de atendimento psicológico compartilhada com outros serviços,19,0.37254901960784315,ro,dez,2019,sala
Estabelecimentos com sala exclusiva de atendimento psicológico,6,0.11538461538461539,ro,jun,2019,sala
Estabelecimentos com sala de atendimento psicológico compartilhada com outros serviços,15,0.28846153846153844,ro,jun,2019,sala
Estabelecimentos com sala exclusiva de atendimento psicológico,3,0.061224489795918366,ro,dez,2020,sala
Estabelecimentos com sala de atendimento psicológico compartilhada com outros serviços,18,0.3673469387755102,ro,dez,2020,sala
Estabelecimentos com sala exclusiva de atendimento psicológico,4,0.08163265306122448,ro,jun,2020,sala
Estabelecimentos com sala de atendimento psicológico compartilhada com outros serviços,16,0.32653061224489793,ro,jun,2020,sala
Estabelecimentos com sala exclusiva de atendimento psicológico,2,0.4,rr,dez,2014,sala
Estabelecimentos com sala de atendimento psicológico compartilhada com outros serviços,1,0.2,rr,dez,2014,sala
Estabelecimentos com sala exclusiva de atendimento psicológico,2,0.4,rr,jun,2014,sala
Estabelecimentos com sala de atendimento psicológico compartilhada com outros serviços,1,0.2,rr,jun,2014,sala
Estabelecimentos com sala exclusiva de atendimento psicológico,1,0.16666666666666666,rr,dez,2015,sala
Estabelecimentos com sala de atendimento psicológico compartilhada com outros serviços,2,0.3333333333333333,rr,dez,2015,sala
Estabelecimentos com sala exclusiva de atendimento psicológico,1,0.16666666666666666,rr,dez,2016,sala
Estabelecimentos com sala de atendimento psicológico compartilhada com outros serviços,2,0.3333333333333333,rr,dez,2016,sala
Estabelecimentos com sala exclusiva de atendimento psicológico,1,0.16666666666666666,rr,jun,2016,sala
Estabelecimentos com sala de atendimento psicológico compartilhada com outros serviços,2,0.3333333333333333,rr,jun,2016,sala
Estabelecimentos com sala exclusiva de atendimento psicológico,0,0,rr,dez,2017,sala
Estabelecimentos com sala de atendimento psicológico compartilhada com outros serviços,2,0.3333333333333333,rr,dez,2017,sala
Estabelecimentos com sala exclusiva de atendimento psicológico,1,0.16666666666666666,rr,jun,2017,sala
Estabelecimentos com sala de atendimento psicológico compartilhada com outros serviços,2,0.3333333333333333,rr,jun,2017,sala
Estabelecimentos com sala exclusiva de atendimento psicológico,0,0,rr,dez,2018,sala
Estabelecimentos com sala de atendimento psicológico compartilhada com outros serviços,3,0,rr,dez,2018,sala
Estabelecimentos com sala exclusiva de atendimento psicológico,0,0,rr,jun,2018,sala
Estabelecimentos com sala de atendimento psicológico compartilhada com outros serviços,3,0.5,rr,jun,2018,sala
Estabelecimentos com sala exclusiva de atendimento psicológico,1,0.2,rr,dez,2019,sala
Estabelecimentos com sala de atendimento psicológico compartilhada com outros serviços,2,0.4,rr,dez,2019,sala
Estabelecimentos com sala exclusiva de atendimento psicológico,1,0.2,rr,jun,2019,sala
Estabelecimentos com sala de atendimento psicológico compartilhada com outros serviços,2,0.4,rr,jun,2019,sala
Estabelecimentos com sala exclusiva de atendimento psicológico,1,0.14285714285714285,rr,dez,2020,sala
Estabelecimentos com sala de atendimento psicológico compartilhada com outros serviços,3,0.42857142857142855,rr,dez,2020,sala
Estabelecimentos com sala exclusiva de atendimento psicológico,1,0.16666666666666666,rr,jun,2020,sala
Estabelecimentos com sala de atendimento psicológico compartilhada com outros serviços,3,0.5,rr,jun,2020,sala
Estabelecimentos com sala exclusiva de atendimento psicológico,19,0.1958762886597938,rs,dez,2014,sala
Estabelecimentos com sala de atendimento psicológico compartilhada com outros serviços,63,0.6494845360824743,rs,dez,2014,sala
Estabelecimentos com sala exclusiva de atendimento psicológico,20,0.20833333333333334,rs,jun,2014,sala
Estabelecimentos com sala de atendimento psicológico compartilhada com outros serviços,69,0.71875,rs,jun,2014,sala
Estabelecimentos com sala exclusiva de atendimento psicológico,21,0.21428571428571427,rs,dez,2015,sala
Estabelecimentos com sala de atendimento psicológico compartilhada com outros serviços,68,0.6938775510204082,rs,dez,2015,sala
Estabelecimentos com sala exclusiva de atendimento psicológico,18,0.16981132075471697,rs,dez,2016,sala
Estabelecimentos com sala de atendimento psicológico compartilhada com outros serviços,74,0.6981132075471698,rs,dez,2016,sala
Estabelecimentos com sala exclusiva de atendimento psicológico,21,0.21212121212121213,rs,jun,2016,sala
Estabelecimentos com sala de atendimento psicológico compartilhada com outros serviços,68,0.6868686868686869,rs,jun,2016,sala
Estabelecimentos com sala exclusiva de atendimento psicológico,23,0.2169811320754717,rs,dez,2017,sala
Estabelecimentos com sala de atendimento psicológico compartilhada com outros serviços,67,0.6320754716981132,rs,dez,2017,sala
Estabelecimentos com sala exclusiva de atendimento psicológico,22,0.205607476635514,rs,jun,2017,sala
Estabelecimentos com sala de atendimento psicológico compartilhada com outros serviços,68,0.6355140186915887,rs,jun,2017,sala
Estabelecimentos com sala exclusiva de atendimento psicológico,20,0.1834862385321101,rs,dez,2018,sala
Estabelecimentos com sala de atendimento psicológico compartilhada com outros serviços,74,0.6788990825688074,rs,dez,2018,sala
Estabelecimentos com sala exclusiva de atendimento psicológico,17,0.1559633027522936,rs,jun,2018,sala
Estabelecimentos com sala de atendimento psicológico compartilhada com outros serviços,73,0.6697247706422018,rs,jun,2018,sala
Estabelecimentos com sala exclusiva de atendimento psicológico,19,0.17117117117117117,rs,dez,2019,sala
Estabelecimentos com sala de atendimento psicológico compartilhada com outros serviços,78,0.7027027027027027,rs,dez,2019,sala
Estabelecimentos com sala exclusiva de atendimento psicológico,19,0.17117117117117117,rs,jun,2019,sala
Estabelecimentos com sala de atendimento psicológico compartilhada com outros serviços,77,0.6936936936936937,rs,jun,2019,sala
Estabelecimentos com sala exclusiva de atendimento psicológico,22,0.19469026548672566,rs,dez,2020,sala
Estabelecimentos com sala de atendimento psicológico compartilhada com outros serviços,77,0.6814159292035398,rs,dez,2020,sala
Estabelecimentos com sala exclusiva de atendimento psicológico,19,0.16964285714285715,rs,jun,2020,sala
Estabelecimentos com sala de atendimento psicológico compartilhada com outros serviços,81,0.7232142857142857,rs,jun,2020,sala
Estabelecimentos com sala exclusiva de atendimento psicológico,11,0.2391304347826087,sc,dez,2014,sala
Estabelecimentos com sala de atendimento psicológico compartilhada com outros serviços,17,0.3695652173913043,sc,dez,2014,sala
Estabelecimentos com sala exclusiva de atendimento psicológico,8,0.17391304347826086,sc,jun,2014,sala
Estabelecimentos com sala de atendimento psicológico compartilhada com outros serviços,21,0.45652173913043476,sc,jun,2014,sala
Estabelecimentos com sala exclusiva de atendimento psicológico,7,0.15555555555555556,sc,dez,2015,sala
Estabelecimentos com sala de atendimento psicológico compartilhada com outros serviços,22,0.4888888888888889,sc,dez,2015,sala
Estabelecimentos com sala exclusiva de atendimento psicológico,9,0.1836734693877551,sc,dez,2016,sala
Estabelecimentos com sala de atendimento psicológico compartilhada com outros serviços,23,0.46938775510204084,sc,dez,2016,sala
Estabelecimentos com sala exclusiva de atendimento psicológico,8,0.17777777777777778,sc,jun,2016,sala
Estabelecimentos com sala de atendimento psicológico compartilhada com outros serviços,19,0.4222222222222222,sc,jun,2016,sala
Estabelecimentos com sala exclusiva de atendimento psicológico,12,0.24,sc,dez,2017,sala
Estabelecimentos com sala de atendimento psicológico compartilhada com outros serviços,22,0.44,sc,dez,2017,sala
Estabelecimentos com sala exclusiva de atendimento psicológico,12,0.24,sc,jun,2017,sala
Estabelecimentos com sala de atendimento psicológico compartilhada com outros serviços,18,0.36,sc,jun,2017,sala
Estabelecimentos com sala exclusiva de atendimento psicológico,12,0.23529411764705882,sc,dez,2018,sala
Estabelecimentos com sala de atendimento psicológico compartilhada com outros serviços,30,0.5882352941176471,sc,dez,2018,sala
Estabelecimentos com sala exclusiva de atendimento psicológico,13,0.2549019607843137,sc,jun,2018,sala
Estabelecimentos com sala de atendimento psicológico compartilhada com outros serviços,23,0.45098039215686275,sc,jun,2018,sala
Estabelecimentos com sala exclusiva de atendimento psicológico,16,0.3076923076923077,sc,dez,2019,sala
Estabelecimentos com sala de atendimento psicológico compartilhada com outros serviços,25,0.4807692307692308,sc,dez,2019,sala
Estabelecimentos com sala exclusiva de atendimento psicológico,13,0.2549019607843137,sc,jun,2019,sala
Estabelecimentos com sala de atendimento psicológico compartilhada com outros serviços,25,0.49019607843137253,sc,jun,2019,sala
Estabelecimentos com sala exclusiva de atendimento psicológico,15,0.28846153846153844,sc,dez,2020,sala
Estabelecimentos com sala de atendimento psicológico compartilhada com outros serviços,23,0.4423076923076923,sc,dez,2020,sala
Estabelecimentos com sala exclusiva de atendimento psicológico,16,0.3076923076923077,sc,jun,2020,sala
Estabelecimentos com sala de atendimento psicológico compartilhada com outros serviços,23,0.4423076923076923,sc,jun,2020,sala
Estabelecimentos com sala exclusiva de atendimento psicológico,4,0.5,se,dez,2014,sala
Estabelecimentos com sala de atendimento psicológico compartilhada com outros serviços,0,0,se,dez,2014,sala
Estabelecimentos com sala exclusiva de atendimento psicológico,3,0.375,se,jun,2014,sala
Estabelecimentos com sala de atendimento psicológico compartilhada com outros serviços,1,0.125,se,jun,2014,sala
Estabelecimentos com sala exclusiva de atendimento psicológico,2,0.2857142857142857,se,dez,2015,sala
Estabelecimentos com sala de atendimento psicológico compartilhada com outros serviços,1,0.14285714285714285,se,dez,2015,sala
Estabelecimentos com sala exclusiva de atendimento psicológico,4,0.4444444444444444,se,dez,2016,sala
Estabelecimentos com sala de atendimento psicológico compartilhada com outros serviços,2,0.2222222222222222,se,dez,2016,sala
Estabelecimentos com sala exclusiva de atendimento psicológico,3,0.42857142857142855,se,jun,2016,sala
Estabelecimentos com sala de atendimento psicológico compartilhada com outros serviços,0,0,se,jun,2016,sala
Estabelecimentos com sala exclusiva de atendimento psicológico,3,0.3333333333333333,se,dez,2017,sala
Estabelecimentos com sala de atendimento psicológico compartilhada com outros serviços,3,0.3333333333333333,se,dez,2017,sala
Estabelecimentos com sala exclusiva de atendimento psicológico,4,0.4444444444444444,se,jun,2017,sala
Estabelecimentos com sala de atendimento psicológico compartilhada com outros serviços,1,0.1111111111111111,se,jun,2017,sala
Estabelecimentos com sala exclusiva de atendimento psicológico,3,0.3333333333333333,se,dez,2018,sala
Estabelecimentos com sala de atendimento psicológico compartilhada com outros serviços,3,0.3333333333333333,se,dez,2018,sala
Estabelecimentos com sala exclusiva de atendimento psicológico,3,0.3333333333333333,se,jun,2018,sala
Estabelecimentos com sala de atendimento psicológico compartilhada com outros serviços,3,0.3333333333333333,se,jun,2018,sala
Estabelecimentos com sala exclusiva de atendimento psicológico,4,0.4,se,dez,2019,sala
Estabelecimentos com sala de atendimento psicológico compartilhada com outros serviços,2,0.2,se,dez,2019,sala
Estabelecimentos com sala exclusiva de atendimento psicológico,3,0.3333333333333333,se,jun,2019,sala
Estabelecimentos com sala de atendimento psicológico compartilhada com outros serviços,3,0.3333333333333333,se,jun,2019,sala
Estabelecimentos com sala exclusiva de atendimento psicológico,4,0.4,se,dez,2020,sala
Estabelecimentos com sala de atendimento psicológico compartilhada com outros serviços,4,0.4,se,dez,2020,sala
Estabelecimentos com sala exclusiva de atendimento psicológico,3,0.3,se,jun,2020,sala
Estabelecimentos com sala de atendimento psicológico compartilhada com outros serviços,3,0.3,se,jun,2020,sala
Estabelecimentos com sala exclusiva de atendimento psicológico,30,0.18633540372670807,sp,dez,2014,sala
Estabelecimentos com sala de atendimento psicológico compartilhada com outros serviços,122,0.7577639751552795,sp,dez,2014,sala
Estabelecimentos com sala exclusiva de atendimento psicológico,NI,NI,sp,jun,2014,sala
Estabelecimentos com sala de atendimento psicológico compartilhada com outros serviços,NI,NI,sp,jun,2014,sala
Estabelecimentos com sala exclusiva de atendimento psicológico,37,0.22699386503067484,sp,dez,2015,sala
Estabelecimentos com sala de atendimento psicológico compartilhada com outros serviços,118,0.7239263803680982,sp,dez,2015,sala
Estabelecimentos com sala exclusiva de atendimento psicológico,26,0.15476190476190477,sp,dez,2016,sala
Estabelecimentos com sala de atendimento psicológico compartilhada com outros serviços,136,0.8095238095238095,sp,dez,2016,sala
Estabelecimentos com sala exclusiva de atendimento psicológico,36,0.21951219512195122,sp,jun,2016,sala
Estabelecimentos com sala de atendimento psicológico compartilhada com outros serviços,119,0.725609756097561,sp,jun,2016,sala
Estabelecimentos com sala exclusiva de atendimento psicológico,29,0.17261904761904762,sp,dez,2017,sala
Estabelecimentos com sala de atendimento psicológico compartilhada com outros serviços,135,0.8035714285714286,sp,dez,2017,sala
Estabelecimentos com sala exclusiva de atendimento psicológico,33,0.19642857142857142,sp,jun,2017,sala
Estabelecimentos com sala de atendimento psicológico compartilhada com outros serviços,128,0.7619047619047619,sp,jun,2017,sala
Estabelecimentos com sala exclusiva de atendimento psicológico,27,0.15789473684210525,sp,dez,2018,sala
Estabelecimentos com sala de atendimento psicológico compartilhada com outros serviços,140,0.8187134502923976,sp,dez,2018,sala
Estabelecimentos com sala exclusiva de atendimento psicológico,25,0.14619883040935672,sp,jun,2018,sala
Estabelecimentos com sala de atendimento psicológico compartilhada com outros serviços,140,0.8187134502923976,sp,jun,2018,sala
Estabelecimentos com sala exclusiva de atendimento psicológico,29,0.16477272727272727,sp,dez,2019,sala
Estabelecimentos com sala de atendimento psicológico compartilhada com outros serviços,143,0.8125,sp,dez,2019,sala
Estabelecimentos com sala exclusiva de atendimento psicológico,26,0.15028901734104047,sp,jun,2019,sala
Estabelecimentos com sala de atendimento psicológico compartilhada com outros serviços,143,0.8265895953757225,sp,jun,2019,sala
Estabelecimentos com sala exclusiva de atendimento psicológico,34,0.17894736842105263,sp,dez,2020,sala
Estabelecimentos com sala de atendimento psicológico compartilhada com outros serviços,141,0.7421052631578947,sp,dez,2020,sala
Estabelecimentos com sala exclusiva de atendimento psicológico,32,0.1702127659574468,sp,jun,2020,sala
Estabelecimentos com sala de atendimento psicológico compartilhada com outros serviços,139,0.7393617021276596,sp,jun,2020,sala
Estabelecimentos com sala exclusiva de atendimento psicológico,2,0.047619047619047616,to,dez,2014,sala
Estabelecimentos com sala de atendimento psicológico compartilhada com outros serviços,9,0.21428571428571427,to,dez,2014,sala
Estabelecimentos com sala exclusiva de atendimento psicológico,1,0.023255813953488372,to,jun,2014,sala
Estabelecimentos com sala de atendimento psicológico compartilhada com outros serviços,11,0.2558139534883721,to,jun,2014,sala
Estabelecimentos com sala exclusiva de atendimento psicológico,2,0.047619047619047616,to,dez,2015,sala
Estabelecimentos com sala de atendimento psicológico compartilhada com outros serviços,15,0.35714285714285715,to,dez,2015,sala
Estabelecimentos com sala exclusiva de atendimento psicológico,1,0.022727272727272728,to,dez,2016,sala
Estabelecimentos com sala de atendimento psicológico compartilhada com outros serviços,16,0.36363636363636365,to,dez,2016,sala
Estabelecimentos com sala exclusiva de atendimento psicológico,2,0.047619047619047616,to,jun,2016,sala
Estabelecimentos com sala de atendimento psicológico compartilhada com outros serviços,11,0.2619047619047619,to,jun,2016,sala
Estabelecimentos com sala exclusiva de atendimento psicológico,1,0.023255813953488372,to,dez,2017,sala
Estabelecimentos com sala de atendimento psicológico compartilhada com outros serviços,18,0.4186046511627907,to,dez,2017,sala
Estabelecimentos com sala exclusiva de atendimento psicológico,2,0.047619047619047616,to,jun,2017,sala
Estabelecimentos com sala de atendimento psicológico compartilhada com outros serviços,10,0.23809523809523808,to,jun,2017,sala
Estabelecimentos com sala exclusiva de atendimento psicológico,2,0.05,to,dez,2018,sala
Estabelecimentos com sala de atendimento psicológico compartilhada com outros serviços,13,0.325,to,dez,2018,sala
Estabelecimentos com sala exclusiva de atendimento psicológico,1,0.025,to,jun,2018,sala
Estabelecimentos com sala de atendimento psicológico compartilhada com outros serviços,15,0.375,to,jun,2018,sala
Estabelecimentos com sala exclusiva de atendimento psicológico,2,0.05,to,dez,2019,sala
Estabelecimentos com sala de atendimento psicológico compartilhada com outros serviços,20,0.5,to,dez,2019,sala
Estabelecimentos com sala exclusiva de atendimento psicológico,2,0.05,to,jun,2019,sala
Estabelecimentos com sala de atendimento psicológico compartilhada com outros serviços,17,0.425,to,jun,2019,sala
Estabelecimentos com sala exclusiva de atendimento psicológico,3,0.09090909090909091,to,dez,2020,sala
Estabelecimentos com sala de atendimento psicológico compartilhada com outros serviços,14,0.42424242424242425,to,dez,2020,sala
Estabelecimentos com sala exclusiva de atendimento psicológico,2,0.05263157894736842,to,jun,2020,sala
Estabelecimentos com sala de atendimento psicológico compartilhada com outros serviços,20,0.5263157894736842,to,jun,2020,sala
