level,masc,fem,total,uf,mes,ano,var
Óbitos naturais/ óbitos por motivos de saúde,1,0,1,ac,dez,2014,suic
Óbitos criminais,4,0,4,ac,dez,2014,suic
Óbitos suicídios,2,0,2,ac,dez,2014,suic
Óbitos acidentais,0,0,0,ac,dez,2014,suic
Óbitos com causa desconhecida,0,0,0,ac,dez,2014,suic
Óbitos naturais/ óbitos por motivos de saúde,3,0,3,ac,jun,2014,suic
Óbitos criminais,0,0,0,ac,jun,2014,suic
Óbitos suicídios,0,0,0,ac,jun,2014,suic
Óbitos acidentais,0,0,0,ac,jun,2014,suic
Óbitos com causa desconhecida,0,0,0,ac,jun,2014,suic
Óbitos naturais/ óbitos por motivos de saúde,3,0,3,ac,dez,2015,suic
Óbitos criminais,11,0,11,ac,dez,2015,suic
Óbitos suicídios,0,0,0,ac,dez,2015,suic
Óbitos acidentais,0,0,0,ac,dez,2015,suic
Óbitos com causa desconhecida,1,0,1,ac,dez,2015,suic
Óbitos naturais/ óbitos por motivos de saúde,2,0,2,ac,dez,2016,suic
Óbitos criminais,13,0,13,ac,dez,2016,suic
Óbitos suicídios,1,0,1,ac,dez,2016,suic
Óbitos acidentais,0,0,0,ac,dez,2016,suic
Óbitos com causa desconhecida,1,0,1,ac,dez,2016,suic
Óbitos naturais/ óbitos por motivos de saúde,0,0,0,ac,jun,2016,suic
Óbitos criminais,3,0,3,ac,jun,2016,suic
Óbitos suicídios,0,0,0,ac,jun,2016,suic
Óbitos acidentais,0,0,0,ac,jun,2016,suic
Óbitos com causa desconhecida,0,0,0,ac,jun,2016,suic
Óbitos naturais/ óbitos por motivos de saúde,0,0,0,ac,dez,2017,suic
Óbitos criminais,7,0,7,ac,dez,2017,suic
Óbitos suicídios,0,0,0,ac,dez,2017,suic
Óbitos acidentais,0,0,0,ac,dez,2017,suic
Óbitos com causa desconhecida,5,0,5,ac,dez,2017,suic
Óbitos naturais/ óbitos por motivos de saúde,0,0,0,ac,jun,2017,suic
Óbitos criminais,9,0,9,ac,jun,2017,suic
Óbitos suicídios,0,0,0,ac,jun,2017,suic
Óbitos acidentais,1,0,1,ac,jun,2017,suic
Óbitos com causa desconhecida,0,0,0,ac,jun,2017,suic
Óbitos naturais/ óbitos por motivos de saúde,1,0,1,ac,dez,2018,suic
Óbitos criminais,3,0,3,ac,dez,2018,suic
Óbitos suicídios,1,0,1,ac,dez,2018,suic
Óbitos acidentais,0,0,0,ac,dez,2018,suic
Óbitos com causa desconhecida,0,0,0,ac,dez,2018,suic
Óbitos naturais/ óbitos por motivos de saúde,2,0,2,ac,jun,2018,suic
Óbitos criminais,8,0,8,ac,jun,2018,suic
Óbitos suicídios,0,0,0,ac,jun,2018,suic
Óbitos acidentais,0,0,0,ac,jun,2018,suic
Óbitos com causa desconhecida,0,0,0,ac,jun,2018,suic
Óbitos naturais/ óbitos por motivos de saúde,3,0,3,ac,dez,2019,suic
Óbitos criminais,1,0,1,ac,dez,2019,suic
Óbitos suicídios,1,0,1,ac,dez,2019,suic
Óbitos acidentais,0,0,0,ac,dez,2019,suic
Óbitos com causa desconhecida,0,0,0,ac,dez,2019,suic
Óbitos naturais/ óbitos por motivos de saúde,2,25,27,ac,jun,2019,suic
Óbitos criminais,5,0,5,ac,jun,2019,suic
Óbitos suicídios,0,0,0,ac,jun,2019,suic
Óbitos acidentais,0,0,0,ac,jun,2019,suic
Óbitos com causa desconhecida,0,0,0,ac,jun,2019,suic
Óbitos naturais/ óbitos por motivos de saúde,7,0,7,ac,dez,2020,suic
Óbitos criminais,4,0,4,ac,dez,2020,suic
Óbitos suicídios,0,0,0,ac,dez,2020,suic
Óbitos acidentais,1,0,1,ac,dez,2020,suic
Óbitos com causa desconhecida,0,0,0,ac,dez,2020,suic
Óbitos naturais/ óbitos por motivos de saúde,4,0,4,ac,jun,2020,suic
Óbitos criminais,10,0,10,ac,jun,2020,suic
Óbitos suicídios,0,0,0,ac,jun,2020,suic
Óbitos acidentais,0,0,0,ac,jun,2020,suic
Óbitos com causa desconhecida,2,0,2,ac,jun,2020,suic
Óbitos naturais/ óbitos por motivos de saúde,7,0,7,al,dez,2014,suic
Óbitos criminais,1,0,1,al,dez,2014,suic
Óbitos suicídios,0,0,0,al,dez,2014,suic
Óbitos acidentais,0,0,0,al,dez,2014,suic
Óbitos com causa desconhecida,0,0,0,al,dez,2014,suic
Óbitos naturais/ óbitos por motivos de saúde,1,0,1,al,jun,2014,suic
Óbitos criminais,12,0,12,al,jun,2014,suic
Óbitos suicídios,1,0,1,al,jun,2014,suic
Óbitos acidentais,0,0,0,al,jun,2014,suic
Óbitos com causa desconhecida,0,0,0,al,jun,2014,suic
Óbitos naturais/ óbitos por motivos de saúde,11,0,11,al,dez,2015,suic
Óbitos criminais,3,0,3,al,dez,2015,suic
Óbitos suicídios,0,1,1,al,dez,2015,suic
Óbitos acidentais,0,0,0,al,dez,2015,suic
Óbitos com causa desconhecida,0,0,0,al,dez,2015,suic
Óbitos naturais/ óbitos por motivos de saúde,8,0,8,al,dez,2016,suic
Óbitos criminais,3,0,3,al,dez,2016,suic
Óbitos suicídios,1,0,1,al,dez,2016,suic
Óbitos acidentais,1,0,1,al,dez,2016,suic
Óbitos com causa desconhecida,0,0,0,al,dez,2016,suic
Óbitos naturais/ óbitos por motivos de saúde,2,0,2,al,jun,2016,suic
Óbitos criminais,3,0,3,al,jun,2016,suic
Óbitos suicídios,0,0,0,al,jun,2016,suic
Óbitos acidentais,0,0,0,al,jun,2016,suic
Óbitos com causa desconhecida,0,0,0,al,jun,2016,suic
Óbitos naturais/ óbitos por motivos de saúde,2,0,2,al,dez,2017,suic
Óbitos criminais,4,0,4,al,dez,2017,suic
Óbitos suicídios,0,0,0,al,dez,2017,suic
Óbitos acidentais,0,0,0,al,dez,2017,suic
Óbitos com causa desconhecida,0,0,0,al,dez,2017,suic
Óbitos naturais/ óbitos por motivos de saúde,6,0,6,al,jun,2017,suic
Óbitos criminais,5,0,5,al,jun,2017,suic
Óbitos suicídios,1,0,1,al,jun,2017,suic
Óbitos acidentais,0,0,0,al,jun,2017,suic
Óbitos com causa desconhecida,0,0,0,al,jun,2017,suic
Óbitos naturais/ óbitos por motivos de saúde,1,0,1,al,dez,2018,suic
Óbitos criminais,3,0,3,al,dez,2018,suic
Óbitos suicídios,1,0,1,al,dez,2018,suic
Óbitos acidentais,1,0,1,al,dez,2018,suic
Óbitos com causa desconhecida,0,0,0,al,dez,2018,suic
Óbitos naturais/ óbitos por motivos de saúde,2,0,2,al,jun,2018,suic
Óbitos criminais,3,0,3,al,jun,2018,suic
Óbitos suicídios,1,0,1,al,jun,2018,suic
Óbitos acidentais,0,0,0,al,jun,2018,suic
Óbitos com causa desconhecida,0,0,0,al,jun,2018,suic
Óbitos naturais/ óbitos por motivos de saúde,5,0,5,al,dez,2019,suic
Óbitos criminais,2,0,2,al,dez,2019,suic
Óbitos suicídios,0,0,0,al,dez,2019,suic
Óbitos acidentais,0,0,0,al,dez,2019,suic
Óbitos com causa desconhecida,0,0,0,al,dez,2019,suic
Óbitos naturais/ óbitos por motivos de saúde,6,0,6,al,jun,2019,suic
Óbitos criminais,1,0,1,al,jun,2019,suic
Óbitos suicídios,0,0,0,al,jun,2019,suic
Óbitos acidentais,0,0,0,al,jun,2019,suic
Óbitos com causa desconhecida,3,0,3,al,jun,2019,suic
Óbitos naturais/ óbitos por motivos de saúde,3,0,3,al,dez,2020,suic
Óbitos criminais,1,0,1,al,dez,2020,suic
Óbitos suicídios,3,0,3,al,dez,2020,suic
Óbitos acidentais,0,0,0,al,dez,2020,suic
Óbitos com causa desconhecida,0,0,0,al,dez,2020,suic
Óbitos naturais/ óbitos por motivos de saúde,6,1,7,al,jun,2020,suic
Óbitos criminais,0,0,0,al,jun,2020,suic
Óbitos suicídios,0,0,0,al,jun,2020,suic
Óbitos acidentais,0,0,0,al,jun,2020,suic
Óbitos com causa desconhecida,0,0,0,al,jun,2020,suic
Óbitos naturais/ óbitos por motivos de saúde,9,0,9,am,dez,2014,suic
Óbitos criminais,8,0,8,am,dez,2014,suic
Óbitos suicídios,1,0,1,am,dez,2014,suic
Óbitos acidentais,0,0,0,am,dez,2014,suic
Óbitos com causa desconhecida,3,0,3,am,dez,2014,suic
Óbitos naturais/ óbitos por motivos de saúde,3,0,3,am,jun,2014,suic
Óbitos criminais,10,0,10,am,jun,2014,suic
Óbitos suicídios,1,0,1,am,jun,2014,suic
Óbitos acidentais,0,0,0,am,jun,2014,suic
Óbitos com causa desconhecida,2,0,2,am,jun,2014,suic
Óbitos naturais/ óbitos por motivos de saúde,5,0,5,am,dez,2015,suic
Óbitos criminais,12,0,12,am,dez,2015,suic
Óbitos suicídios,3,1,4,am,dez,2015,suic
Óbitos acidentais,2,0,2,am,dez,2015,suic
Óbitos com causa desconhecida,0,0,0,am,dez,2015,suic
Óbitos naturais/ óbitos por motivos de saúde,2,0,2,am,dez,2016,suic
Óbitos criminais,10,0,10,am,dez,2016,suic
Óbitos suicídios,0,0,0,am,dez,2016,suic
Óbitos acidentais,0,0,0,am,dez,2016,suic
Óbitos com causa desconhecida,0,0,0,am,dez,2016,suic
Óbitos naturais/ óbitos por motivos de saúde,5,0,5,am,jun,2016,suic
Óbitos criminais,6,1,7,am,jun,2016,suic
Óbitos suicídios,0,0,0,am,jun,2016,suic
Óbitos acidentais,0,0,0,am,jun,2016,suic
Óbitos com causa desconhecida,0,0,0,am,jun,2016,suic
Óbitos naturais/ óbitos por motivos de saúde,4,0,4,am,dez,2017,suic
Óbitos criminais,6,0,6,am,dez,2017,suic
Óbitos suicídios,2,0,2,am,dez,2017,suic
Óbitos acidentais,3,0,3,am,dez,2017,suic
Óbitos com causa desconhecida,2,0,2,am,dez,2017,suic
Óbitos naturais/ óbitos por motivos de saúde,10,0,10,am,jun,2017,suic
Óbitos criminais,63,0,63,am,jun,2017,suic
Óbitos suicídios,0,0,0,am,jun,2017,suic
Óbitos acidentais,0,0,0,am,jun,2017,suic
Óbitos com causa desconhecida,0,0,0,am,jun,2017,suic
Óbitos naturais/ óbitos por motivos de saúde,1,1,2,am,dez,2018,suic
Óbitos criminais,3,2,5,am,dez,2018,suic
Óbitos suicídios,1,0,1,am,dez,2018,suic
Óbitos acidentais,0,0,0,am,dez,2018,suic
Óbitos com causa desconhecida,4,0,4,am,dez,2018,suic
Óbitos naturais/ óbitos por motivos de saúde,6,0,6,am,jun,2018,suic
Óbitos criminais,3,2,5,am,jun,2018,suic
Óbitos suicídios,0,0,0,am,jun,2018,suic
Óbitos acidentais,0,0,0,am,jun,2018,suic
Óbitos com causa desconhecida,0,0,0,am,jun,2018,suic
Óbitos naturais/ óbitos por motivos de saúde,5,0,5,am,dez,2019,suic
Óbitos criminais,24,0,24,am,dez,2019,suic
Óbitos suicídios,1,1,2,am,dez,2019,suic
Óbitos acidentais,1,0,1,am,dez,2019,suic
Óbitos com causa desconhecida,2,0,2,am,dez,2019,suic
Óbitos naturais/ óbitos por motivos de saúde,5,0,5,am,jun,2019,suic
Óbitos criminais,58,2,60,am,jun,2019,suic
Óbitos suicídios,1,1,2,am,jun,2019,suic
Óbitos acidentais,0,0,0,am,jun,2019,suic
Óbitos com causa desconhecida,0,0,0,am,jun,2019,suic
Óbitos naturais/ óbitos por motivos de saúde,1,0,1,am,dez,2020,suic
Óbitos criminais,90,3,93,am,dez,2020,suic
Óbitos suicídios,1,0,1,am,dez,2020,suic
Óbitos acidentais,0,0,0,am,dez,2020,suic
Óbitos com causa desconhecida,0,0,0,am,dez,2020,suic
Óbitos naturais/ óbitos por motivos de saúde,4,1,5,am,jun,2020,suic
Óbitos criminais,3,0,3,am,jun,2020,suic
Óbitos suicídios,0,0,0,am,jun,2020,suic
Óbitos acidentais,0,0,0,am,jun,2020,suic
Óbitos com causa desconhecida,2,0,2,am,jun,2020,suic
Óbitos naturais/ óbitos por motivos de saúde,2,0,2,ap,dez,2014,suic
Óbitos criminais,3,0,3,ap,dez,2014,suic
Óbitos suicídios,0,0,0,ap,dez,2014,suic
Óbitos acidentais,0,0,0,ap,dez,2014,suic
Óbitos com causa desconhecida,0,0,0,ap,dez,2014,suic
Óbitos naturais/ óbitos por motivos de saúde,0,0,0,ap,jun,2014,suic
Óbitos criminais,0,0,0,ap,jun,2014,suic
Óbitos suicídios,0,0,0,ap,jun,2014,suic
Óbitos acidentais,0,0,0,ap,jun,2014,suic
Óbitos com causa desconhecida,0,0,0,ap,jun,2014,suic
Óbitos naturais/ óbitos por motivos de saúde,2,0,2,ap,dez,2015,suic
Óbitos criminais,7,0,7,ap,dez,2015,suic
Óbitos suicídios,0,0,0,ap,dez,2015,suic
Óbitos acidentais,0,0,0,ap,dez,2015,suic
Óbitos com causa desconhecida,0,0,0,ap,dez,2015,suic
Óbitos naturais/ óbitos por motivos de saúde,0,0,0,ap,dez,2016,suic
Óbitos criminais,0,0,0,ap,dez,2016,suic
Óbitos suicídios,0,0,0,ap,dez,2016,suic
Óbitos acidentais,0,0,0,ap,dez,2016,suic
Óbitos com causa desconhecida,0,0,0,ap,dez,2016,suic
Óbitos naturais/ óbitos por motivos de saúde,0,0,0,ap,jun,2016,suic
Óbitos criminais,2,0,2,ap,jun,2016,suic
Óbitos suicídios,0,0,0,ap,jun,2016,suic
Óbitos acidentais,0,0,0,ap,jun,2016,suic
Óbitos com causa desconhecida,3,0,3,ap,jun,2016,suic
Óbitos naturais/ óbitos por motivos de saúde,0,0,0,ap,dez,2017,suic
Óbitos criminais,0,0,0,ap,dez,2017,suic
Óbitos suicídios,0,0,0,ap,dez,2017,suic
Óbitos acidentais,0,0,0,ap,dez,2017,suic
Óbitos com causa desconhecida,0,0,0,ap,dez,2017,suic
Óbitos naturais/ óbitos por motivos de saúde,0,0,0,ap,jun,2017,suic
Óbitos criminais,0,0,0,ap,jun,2017,suic
Óbitos suicídios,0,0,0,ap,jun,2017,suic
Óbitos acidentais,0,0,0,ap,jun,2017,suic
Óbitos com causa desconhecida,0,0,0,ap,jun,2017,suic
Óbitos naturais/ óbitos por motivos de saúde,0,0,0,ap,dez,2018,suic
Óbitos criminais,0,0,0,ap,dez,2018,suic
Óbitos suicídios,0,0,0,ap,dez,2018,suic
Óbitos acidentais,0,0,0,ap,dez,2018,suic
Óbitos com causa desconhecida,0,0,0,ap,dez,2018,suic
Óbitos naturais/ óbitos por motivos de saúde,0,0,0,ap,jun,2018,suic
Óbitos criminais,0,0,0,ap,jun,2018,suic
Óbitos suicídios,0,0,0,ap,jun,2018,suic
Óbitos acidentais,0,0,0,ap,jun,2018,suic
Óbitos com causa desconhecida,0,0,0,ap,jun,2018,suic
Óbitos naturais/ óbitos por motivos de saúde,0,0,0,ap,dez,2019,suic
Óbitos criminais,0,0,0,ap,dez,2019,suic
Óbitos suicídios,0,0,0,ap,dez,2019,suic
Óbitos acidentais,0,0,0,ap,dez,2019,suic
Óbitos com causa desconhecida,0,0,0,ap,dez,2019,suic
Óbitos naturais/ óbitos por motivos de saúde,0,0,0,ap,jun,2019,suic
Óbitos criminais,0,0,0,ap,jun,2019,suic
Óbitos suicídios,0,0,0,ap,jun,2019,suic
Óbitos acidentais,0,0,0,ap,jun,2019,suic
Óbitos com causa desconhecida,0,0,0,ap,jun,2019,suic
Óbitos naturais/ óbitos por motivos de saúde,1,0,1,ap,dez,2020,suic
Óbitos criminais,0,0,0,ap,dez,2020,suic
Óbitos suicídios,0,0,0,ap,dez,2020,suic
Óbitos acidentais,0,0,0,ap,dez,2020,suic
Óbitos com causa desconhecida,0,0,0,ap,dez,2020,suic
Óbitos naturais/ óbitos por motivos de saúde,0,0,0,ap,jun,2020,suic
Óbitos criminais,1,0,1,ap,jun,2020,suic
Óbitos suicídios,0,0,0,ap,jun,2020,suic
Óbitos acidentais,0,0,0,ap,jun,2020,suic
Óbitos com causa desconhecida,2,0,2,ap,jun,2020,suic
Óbitos naturais/ óbitos por motivos de saúde,8,2,10,ba,dez,2014,suic
Óbitos criminais,10,0,10,ba,dez,2014,suic
Óbitos suicídios,3,0,3,ba,dez,2014,suic
Óbitos acidentais,1,0,1,ba,dez,2014,suic
Óbitos com causa desconhecida,0,0,0,ba,dez,2014,suic
Óbitos naturais/ óbitos por motivos de saúde,5,1,6,ba,jun,2014,suic
Óbitos criminais,10,0,10,ba,jun,2014,suic
Óbitos suicídios,4,0,4,ba,jun,2014,suic
Óbitos acidentais,0,0,0,ba,jun,2014,suic
Óbitos com causa desconhecida,0,0,0,ba,jun,2014,suic
Óbitos naturais/ óbitos por motivos de saúde,14,0,14,ba,dez,2015,suic
Óbitos criminais,22,0,22,ba,dez,2015,suic
Óbitos suicídios,7,0,7,ba,dez,2015,suic
Óbitos acidentais,0,0,0,ba,dez,2015,suic
Óbitos com causa desconhecida,7,0,7,ba,dez,2015,suic
Óbitos naturais/ óbitos por motivos de saúde,11,0,11,ba,dez,2016,suic
Óbitos criminais,6,0,6,ba,dez,2016,suic
Óbitos suicídios,1,0,1,ba,dez,2016,suic
Óbitos acidentais,0,0,0,ba,dez,2016,suic
Óbitos com causa desconhecida,2,0,2,ba,dez,2016,suic
Óbitos naturais/ óbitos por motivos de saúde,8,1,9,ba,jun,2016,suic
Óbitos criminais,3,0,3,ba,jun,2016,suic
Óbitos suicídios,4,0,4,ba,jun,2016,suic
Óbitos acidentais,1,0,1,ba,jun,2016,suic
Óbitos com causa desconhecida,5,0,5,ba,jun,2016,suic
Óbitos naturais/ óbitos por motivos de saúde,11,0,11,ba,dez,2017,suic
Óbitos criminais,9,0,9,ba,dez,2017,suic
Óbitos suicídios,2,0,2,ba,dez,2017,suic
Óbitos acidentais,1,0,1,ba,dez,2017,suic
Óbitos com causa desconhecida,4,0,4,ba,dez,2017,suic
Óbitos naturais/ óbitos por motivos de saúde,15,0,15,ba,jun,2017,suic
Óbitos criminais,2,0,2,ba,jun,2017,suic
Óbitos suicídios,3,0,3,ba,jun,2017,suic
Óbitos acidentais,0,0,0,ba,jun,2017,suic
Óbitos com causa desconhecida,3,0,3,ba,jun,2017,suic
Óbitos naturais/ óbitos por motivos de saúde,6,1,7,ba,dez,2018,suic
Óbitos criminais,4,0,4,ba,dez,2018,suic
Óbitos suicídios,4,0,4,ba,dez,2018,suic
Óbitos acidentais,1,0,1,ba,dez,2018,suic
Óbitos com causa desconhecida,2,0,2,ba,dez,2018,suic
Óbitos naturais/ óbitos por motivos de saúde,10,0,10,ba,jun,2018,suic
Óbitos criminais,6,0,6,ba,jun,2018,suic
Óbitos suicídios,2,0,2,ba,jun,2018,suic
Óbitos acidentais,0,0,0,ba,jun,2018,suic
Óbitos com causa desconhecida,3,0,3,ba,jun,2018,suic
Óbitos naturais/ óbitos por motivos de saúde,8,0,8,ba,dez,2019,suic
Óbitos criminais,4,0,4,ba,dez,2019,suic
Óbitos suicídios,2,0,2,ba,dez,2019,suic
Óbitos acidentais,0,0,0,ba,dez,2019,suic
Óbitos com causa desconhecida,4,0,4,ba,dez,2019,suic
Óbitos naturais/ óbitos por motivos de saúde,12,0,12,ba,jun,2019,suic
Óbitos criminais,9,0,9,ba,jun,2019,suic
Óbitos suicídios,3,0,3,ba,jun,2019,suic
Óbitos acidentais,0,0,0,ba,jun,2019,suic
Óbitos com causa desconhecida,1,0,1,ba,jun,2019,suic
Óbitos naturais/ óbitos por motivos de saúde,14,0,14,ba,dez,2020,suic
Óbitos criminais,35,0,35,ba,dez,2020,suic
Óbitos suicídios,3,0,3,ba,dez,2020,suic
Óbitos acidentais,1,0,1,ba,dez,2020,suic
Óbitos com causa desconhecida,2,0,2,ba,dez,2020,suic
Óbitos naturais/ óbitos por motivos de saúde,14,0,14,ba,jun,2020,suic
Óbitos criminais,30,1,31,ba,jun,2020,suic
Óbitos suicídios,6,0,6,ba,jun,2020,suic
Óbitos acidentais,0,0,0,ba,jun,2020,suic
Óbitos com causa desconhecida,3,0,3,ba,jun,2020,suic
Óbitos naturais/ óbitos por motivos de saúde,8,0,8,ce,dez,2014,suic
Óbitos criminais,24,0,24,ce,dez,2014,suic
Óbitos suicídios,4,0,4,ce,dez,2014,suic
Óbitos acidentais,1,0,1,ce,dez,2014,suic
Óbitos com causa desconhecida,17,0,17,ce,dez,2014,suic
Óbitos naturais/ óbitos por motivos de saúde,7,0,7,ce,jun,2014,suic
Óbitos criminais,0,0,0,ce,jun,2014,suic
Óbitos suicídios,0,0,0,ce,jun,2014,suic
Óbitos acidentais,1,0,1,ce,jun,2014,suic
Óbitos com causa desconhecida,39,1,40,ce,jun,2014,suic
Óbitos naturais/ óbitos por motivos de saúde,8,0,8,ce,dez,2015,suic
Óbitos criminais,43,2,45,ce,dez,2015,suic
Óbitos suicídios,2,0,2,ce,dez,2015,suic
Óbitos acidentais,0,0,0,ce,dez,2015,suic
Óbitos com causa desconhecida,19,0,19,ce,dez,2015,suic
Óbitos naturais/ óbitos por motivos de saúde,8,0,8,ce,dez,2016,suic
Óbitos criminais,6,0,6,ce,dez,2016,suic
Óbitos suicídios,1,0,1,ce,dez,2016,suic
Óbitos acidentais,0,0,0,ce,dez,2016,suic
Óbitos com causa desconhecida,8,0,8,ce,dez,2016,suic
Óbitos naturais/ óbitos por motivos de saúde,5,0,5,ce,jun,2016,suic
Óbitos criminais,26,0,26,ce,jun,2016,suic
Óbitos suicídios,0,0,0,ce,jun,2016,suic
Óbitos acidentais,0,0,0,ce,jun,2016,suic
Óbitos com causa desconhecida,60,0,60,ce,jun,2016,suic
Óbitos naturais/ óbitos por motivos de saúde,3,0,3,ce,dez,2017,suic
Óbitos criminais,16,0,16,ce,dez,2017,suic
Óbitos suicídios,0,0,0,ce,dez,2017,suic
Óbitos acidentais,0,0,0,ce,dez,2017,suic
Óbitos com causa desconhecida,27,0,27,ce,dez,2017,suic
Óbitos naturais/ óbitos por motivos de saúde,8,0,8,ce,jun,2017,suic
Óbitos criminais,29,0,29,ce,jun,2017,suic
Óbitos suicídios,0,0,0,ce,jun,2017,suic
Óbitos acidentais,0,0,0,ce,jun,2017,suic
Óbitos com causa desconhecida,7,0,7,ce,jun,2017,suic
Óbitos naturais/ óbitos por motivos de saúde,2,0,2,ce,dez,2018,suic
Óbitos criminais,10,0,10,ce,dez,2018,suic
Óbitos suicídios,1,0,1,ce,dez,2018,suic
Óbitos acidentais,0,0,0,ce,dez,2018,suic
Óbitos com causa desconhecida,20,0,20,ce,dez,2018,suic
Óbitos naturais/ óbitos por motivos de saúde,1,0,1,ce,jun,2018,suic
Óbitos criminais,22,0,22,ce,jun,2018,suic
Óbitos suicídios,0,0,0,ce,jun,2018,suic
Óbitos acidentais,0,0,0,ce,jun,2018,suic
Óbitos com causa desconhecida,23,0,23,ce,jun,2018,suic
Óbitos naturais/ óbitos por motivos de saúde,14,1,15,ce,dez,2019,suic
Óbitos criminais,1,0,1,ce,dez,2019,suic
Óbitos suicídios,3,1,4,ce,dez,2019,suic
Óbitos acidentais,0,0,0,ce,dez,2019,suic
Óbitos com causa desconhecida,7,0,7,ce,dez,2019,suic
Óbitos naturais/ óbitos por motivos de saúde,12,1,13,ce,jun,2019,suic
Óbitos criminais,1,0,1,ce,jun,2019,suic
Óbitos suicídios,4,0,4,ce,jun,2019,suic
Óbitos acidentais,0,0,0,ce,jun,2019,suic
Óbitos com causa desconhecida,5,0,5,ce,jun,2019,suic
Óbitos naturais/ óbitos por motivos de saúde,10,2,12,ce,dez,2020,suic
Óbitos criminais,0,0,0,ce,dez,2020,suic
Óbitos suicídios,2,0,2,ce,dez,2020,suic
Óbitos acidentais,0,0,0,ce,dez,2020,suic
Óbitos com causa desconhecida,2,0,2,ce,dez,2020,suic
Óbitos naturais/ óbitos por motivos de saúde,16,1,17,ce,jun,2020,suic
Óbitos criminais,0,0,0,ce,jun,2020,suic
Óbitos suicídios,4,0,4,ce,jun,2020,suic
Óbitos acidentais,0,0,0,ce,jun,2020,suic
Óbitos com causa desconhecida,217,12,229,ce,jun,2020,suic
Óbitos naturais/ óbitos por motivos de saúde,6,0,6,df,dez,2014,suic
Óbitos criminais,1,0,1,df,dez,2014,suic
Óbitos suicídios,0,0,0,df,dez,2014,suic
Óbitos acidentais,2,0,2,df,dez,2014,suic
Óbitos com causa desconhecida,0,0,0,df,dez,2014,suic
Óbitos naturais/ óbitos por motivos de saúde,8,0,8,df,jun,2014,suic
Óbitos criminais,9,0,9,df,jun,2014,suic
Óbitos suicídios,0,0,0,df,jun,2014,suic
Óbitos acidentais,2,0,2,df,jun,2014,suic
Óbitos com causa desconhecida,0,0,0,df,jun,2014,suic
Óbitos naturais/ óbitos por motivos de saúde,11,1,12,df,dez,2015,suic
Óbitos criminais,6,0,6,df,dez,2015,suic
Óbitos suicídios,1,0,1,df,dez,2015,suic
Óbitos acidentais,1,0,1,df,dez,2015,suic
Óbitos com causa desconhecida,8,1,9,df,dez,2015,suic
Óbitos naturais/ óbitos por motivos de saúde,2,0,2,df,dez,2016,suic
Óbitos criminais,3,0,3,df,dez,2016,suic
Óbitos suicídios,0,0,0,df,dez,2016,suic
Óbitos acidentais,0,0,0,df,dez,2016,suic
Óbitos com causa desconhecida,7,0,7,df,dez,2016,suic
Óbitos naturais/ óbitos por motivos de saúde,5,1,6,df,jun,2016,suic
Óbitos criminais,4,0,4,df,jun,2016,suic
Óbitos suicídios,2,1,3,df,jun,2016,suic
Óbitos acidentais,0,0,0,df,jun,2016,suic
Óbitos com causa desconhecida,3,0,3,df,jun,2016,suic
Óbitos naturais/ óbitos por motivos de saúde,14,0,14,df,dez,2017,suic
Óbitos criminais,0,0,0,df,dez,2017,suic
Óbitos suicídios,0,0,0,df,dez,2017,suic
Óbitos acidentais,0,0,0,df,dez,2017,suic
Óbitos com causa desconhecida,3,0,3,df,dez,2017,suic
Óbitos naturais/ óbitos por motivos de saúde,13,0,13,df,jun,2017,suic
Óbitos criminais,2,0,2,df,jun,2017,suic
Óbitos suicídios,1,0,1,df,jun,2017,suic
Óbitos acidentais,0,0,0,df,jun,2017,suic
Óbitos com causa desconhecida,9,0,9,df,jun,2017,suic
Óbitos naturais/ óbitos por motivos de saúde,9,0,9,df,dez,2018,suic
Óbitos criminais,3,0,3,df,dez,2018,suic
Óbitos suicídios,0,0,0,df,dez,2018,suic
Óbitos acidentais,0,0,0,df,dez,2018,suic
Óbitos com causa desconhecida,3,0,3,df,dez,2018,suic
Óbitos naturais/ óbitos por motivos de saúde,7,0,7,df,jun,2018,suic
Óbitos criminais,2,0,2,df,jun,2018,suic
Óbitos suicídios,0,0,0,df,jun,2018,suic
Óbitos acidentais,0,0,0,df,jun,2018,suic
Óbitos com causa desconhecida,0,0,0,df,jun,2018,suic
Óbitos naturais/ óbitos por motivos de saúde,13,0,13,df,dez,2019,suic
Óbitos criminais,0,0,0,df,dez,2019,suic
Óbitos suicídios,1,0,1,df,dez,2019,suic
Óbitos acidentais,0,0,0,df,dez,2019,suic
Óbitos com causa desconhecida,0,0,0,df,dez,2019,suic
Óbitos naturais/ óbitos por motivos de saúde,16,1,17,df,jun,2019,suic
Óbitos criminais,1,0,1,df,jun,2019,suic
Óbitos suicídios,0,0,0,df,jun,2019,suic
Óbitos acidentais,1,0,1,df,jun,2019,suic
Óbitos com causa desconhecida,3,0,3,df,jun,2019,suic
Óbitos naturais/ óbitos por motivos de saúde,7,0,7,df,dez,2020,suic
Óbitos criminais,4,0,4,df,dez,2020,suic
Óbitos suicídios,0,0,0,df,dez,2020,suic
Óbitos acidentais,0,0,0,df,dez,2020,suic
Óbitos com causa desconhecida,3,0,3,df,dez,2020,suic
Óbitos naturais/ óbitos por motivos de saúde,12,0,12,df,jun,2020,suic
Óbitos criminais,4,0,4,df,jun,2020,suic
Óbitos suicídios,4,0,4,df,jun,2020,suic
Óbitos acidentais,0,0,0,df,jun,2020,suic
Óbitos com causa desconhecida,9,0,9,df,jun,2020,suic
Óbitos naturais/ óbitos por motivos de saúde,5,0,5,es,dez,2014,suic
Óbitos criminais,4,0,4,es,dez,2014,suic
Óbitos suicídios,0,0,0,es,dez,2014,suic
Óbitos acidentais,0,0,0,es,dez,2014,suic
Óbitos com causa desconhecida,0,0,0,es,dez,2014,suic
Óbitos naturais/ óbitos por motivos de saúde,9,1,10,es,jun,2014,suic
Óbitos criminais,5,0,5,es,jun,2014,suic
Óbitos suicídios,0,0,0,es,jun,2014,suic
Óbitos acidentais,0,0,0,es,jun,2014,suic
Óbitos com causa desconhecida,2,1,3,es,jun,2014,suic
Óbitos naturais/ óbitos por motivos de saúde,11,5,16,es,dez,2015,suic
Óbitos criminais,0,0,0,es,dez,2015,suic
Óbitos suicídios,0,0,0,es,dez,2015,suic
Óbitos acidentais,0,0,0,es,dez,2015,suic
Óbitos com causa desconhecida,0,0,0,es,dez,2015,suic
Óbitos naturais/ óbitos por motivos de saúde,11,2,13,es,dez,2016,suic
Óbitos criminais,2,8,10,es,dez,2016,suic
Óbitos suicídios,1,4,5,es,dez,2016,suic
Óbitos acidentais,1,0,1,es,dez,2016,suic
Óbitos com causa desconhecida,1,0,1,es,dez,2016,suic
Óbitos naturais/ óbitos por motivos de saúde,10,1,11,es,jun,2016,suic
Óbitos criminais,1,0,1,es,jun,2016,suic
Óbitos suicídios,0,0,0,es,jun,2016,suic
Óbitos acidentais,0,0,0,es,jun,2016,suic
Óbitos com causa desconhecida,0,0,0,es,jun,2016,suic
Óbitos naturais/ óbitos por motivos de saúde,10,0,10,es,dez,2017,suic
Óbitos criminais,1,0,1,es,dez,2017,suic
Óbitos suicídios,1,0,1,es,dez,2017,suic
Óbitos acidentais,0,0,0,es,dez,2017,suic
Óbitos com causa desconhecida,2,0,2,es,dez,2017,suic
Óbitos naturais/ óbitos por motivos de saúde,7,1,8,es,jun,2017,suic
Óbitos criminais,2,0,2,es,jun,2017,suic
Óbitos suicídios,1,0,1,es,jun,2017,suic
Óbitos acidentais,0,0,0,es,jun,2017,suic
Óbitos com causa desconhecida,1,0,1,es,jun,2017,suic
Óbitos naturais/ óbitos por motivos de saúde,16,0,16,es,dez,2018,suic
Óbitos criminais,3,0,3,es,dez,2018,suic
Óbitos suicídios,1,0,1,es,dez,2018,suic
Óbitos acidentais,0,0,0,es,dez,2018,suic
Óbitos com causa desconhecida,2,0,2,es,dez,2018,suic
Óbitos naturais/ óbitos por motivos de saúde,11,1,12,es,jun,2018,suic
Óbitos criminais,2,0,2,es,jun,2018,suic
Óbitos suicídios,0,0,0,es,jun,2018,suic
Óbitos acidentais,1,0,1,es,jun,2018,suic
Óbitos com causa desconhecida,1,0,1,es,jun,2018,suic
Óbitos naturais/ óbitos por motivos de saúde,18,1,19,es,dez,2019,suic
Óbitos criminais,6,0,6,es,dez,2019,suic
Óbitos suicídios,0,0,0,es,dez,2019,suic
Óbitos acidentais,1,0,1,es,dez,2019,suic
Óbitos com causa desconhecida,0,0,0,es,dez,2019,suic
Óbitos naturais/ óbitos por motivos de saúde,21,0,21,es,jun,2019,suic
Óbitos criminais,0,0,0,es,jun,2019,suic
Óbitos suicídios,0,0,0,es,jun,2019,suic
Óbitos acidentais,0,0,0,es,jun,2019,suic
Óbitos com causa desconhecida,3,0,3,es,jun,2019,suic
Óbitos naturais/ óbitos por motivos de saúde,17,2,19,es,dez,2020,suic
Óbitos criminais,2,0,2,es,dez,2020,suic
Óbitos suicídios,2,0,2,es,dez,2020,suic
Óbitos acidentais,0,0,0,es,dez,2020,suic
Óbitos com causa desconhecida,3,0,3,es,dez,2020,suic
Óbitos naturais/ óbitos por motivos de saúde,18,0,18,es,jun,2020,suic
Óbitos criminais,4,0,4,es,jun,2020,suic
Óbitos suicídios,1,0,1,es,jun,2020,suic
Óbitos acidentais,0,0,0,es,jun,2020,suic
Óbitos com causa desconhecida,6,1,7,es,jun,2020,suic
Óbitos naturais/ óbitos por motivos de saúde,10,0,10,go,dez,2014,suic
Óbitos criminais,10,0,10,go,dez,2014,suic
Óbitos suicídios,2,0,2,go,dez,2014,suic
Óbitos acidentais,1,0,1,go,dez,2014,suic
Óbitos com causa desconhecida,2,0,2,go,dez,2014,suic
Óbitos naturais/ óbitos por motivos de saúde,11,0,11,go,jun,2014,suic
Óbitos criminais,6,0,6,go,jun,2014,suic
Óbitos suicídios,3,0,3,go,jun,2014,suic
Óbitos acidentais,0,0,0,go,jun,2014,suic
Óbitos com causa desconhecida,0,0,0,go,jun,2014,suic
Óbitos naturais/ óbitos por motivos de saúde,7,1,8,go,dez,2015,suic
Óbitos criminais,17,0,17,go,dez,2015,suic
Óbitos suicídios,2,0,2,go,dez,2015,suic
Óbitos acidentais,1,0,1,go,dez,2015,suic
Óbitos com causa desconhecida,0,0,0,go,dez,2015,suic
Óbitos naturais/ óbitos por motivos de saúde,6,0,6,go,dez,2016,suic
Óbitos criminais,12,0,12,go,dez,2016,suic
Óbitos suicídios,0,0,0,go,dez,2016,suic
Óbitos acidentais,0,0,0,go,dez,2016,suic
Óbitos com causa desconhecida,0,0,0,go,dez,2016,suic
Óbitos naturais/ óbitos por motivos de saúde,5,1,6,go,jun,2016,suic
Óbitos criminais,11,0,11,go,jun,2016,suic
Óbitos suicídios,4,0,4,go,jun,2016,suic
Óbitos acidentais,0,0,0,go,jun,2016,suic
Óbitos com causa desconhecida,1,0,1,go,jun,2016,suic
Óbitos naturais/ óbitos por motivos de saúde,7,0,7,go,dez,2017,suic
Óbitos criminais,42,0,42,go,dez,2017,suic
Óbitos suicídios,3,0,3,go,dez,2017,suic
Óbitos acidentais,1,0,1,go,dez,2017,suic
Óbitos com causa desconhecida,0,0,0,go,dez,2017,suic
Óbitos naturais/ óbitos por motivos de saúde,11,0,11,go,jun,2017,suic
Óbitos criminais,26,0,26,go,jun,2017,suic
Óbitos suicídios,2,0,2,go,jun,2017,suic
Óbitos acidentais,0,0,0,go,jun,2017,suic
Óbitos com causa desconhecida,3,0,3,go,jun,2017,suic
Óbitos naturais/ óbitos por motivos de saúde,16,0,16,go,dez,2018,suic
Óbitos criminais,27,1,28,go,dez,2018,suic
Óbitos suicídios,4,0,4,go,dez,2018,suic
Óbitos acidentais,2,0,2,go,dez,2018,suic
Óbitos com causa desconhecida,3,0,3,go,dez,2018,suic
Óbitos naturais/ óbitos por motivos de saúde,20,0,20,go,jun,2018,suic
Óbitos criminais,35,0,35,go,jun,2018,suic
Óbitos suicídios,3,0,3,go,jun,2018,suic
Óbitos acidentais,2,0,2,go,jun,2018,suic
Óbitos com causa desconhecida,4,0,4,go,jun,2018,suic
Óbitos naturais/ óbitos por motivos de saúde,15,1,16,go,dez,2019,suic
Óbitos criminais,14,0,14,go,dez,2019,suic
Óbitos suicídios,5,0,5,go,dez,2019,suic
Óbitos acidentais,0,0,0,go,dez,2019,suic
Óbitos com causa desconhecida,8,0,8,go,dez,2019,suic
Óbitos naturais/ óbitos por motivos de saúde,20,1,21,go,jun,2019,suic
Óbitos criminais,27,0,27,go,jun,2019,suic
Óbitos suicídios,9,0,9,go,jun,2019,suic
Óbitos acidentais,3,0,3,go,jun,2019,suic
Óbitos com causa desconhecida,5,0,5,go,jun,2019,suic
Óbitos naturais/ óbitos por motivos de saúde,25,0,25,go,dez,2020,suic
Óbitos criminais,5,0,5,go,dez,2020,suic
Óbitos suicídios,7,0,7,go,dez,2020,suic
Óbitos acidentais,1,0,1,go,dez,2020,suic
Óbitos com causa desconhecida,67,5,72,go,dez,2020,suic
Óbitos naturais/ óbitos por motivos de saúde,17,0,17,go,jun,2020,suic
Óbitos criminais,11,0,11,go,jun,2020,suic
Óbitos suicídios,7,0,7,go,jun,2020,suic
Óbitos acidentais,0,0,0,go,jun,2020,suic
Óbitos com causa desconhecida,1,0,1,go,jun,2020,suic
Óbitos naturais/ óbitos por motivos de saúde,3,0,3,ma,dez,2014,suic
Óbitos criminais,13,0,13,ma,dez,2014,suic
Óbitos suicídios,0,0,0,ma,dez,2014,suic
Óbitos acidentais,1,0,1,ma,dez,2014,suic
Óbitos com causa desconhecida,0,0,0,ma,dez,2014,suic
Óbitos naturais/ óbitos por motivos de saúde,4,0,4,ma,jun,2014,suic
Óbitos criminais,25,0,25,ma,jun,2014,suic
Óbitos suicídios,8,0,8,ma,jun,2014,suic
Óbitos acidentais,1,0,1,ma,jun,2014,suic
Óbitos com causa desconhecida,1,0,1,ma,jun,2014,suic
Óbitos naturais/ óbitos por motivos de saúde,7,0,7,ma,dez,2015,suic
Óbitos criminais,6,0,6,ma,dez,2015,suic
Óbitos suicídios,1,0,1,ma,dez,2015,suic
Óbitos acidentais,0,0,0,ma,dez,2015,suic
Óbitos com causa desconhecida,0,0,0,ma,dez,2015,suic
Óbitos naturais/ óbitos por motivos de saúde,8,0,8,ma,dez,2016,suic
Óbitos criminais,8,0,8,ma,dez,2016,suic
Óbitos suicídios,1,0,1,ma,dez,2016,suic
Óbitos acidentais,0,0,0,ma,dez,2016,suic
Óbitos com causa desconhecida,0,0,0,ma,dez,2016,suic
Óbitos naturais/ óbitos por motivos de saúde,12,1,13,ma,jun,2016,suic
Óbitos criminais,4,0,4,ma,jun,2016,suic
Óbitos suicídios,2,0,2,ma,jun,2016,suic
Óbitos acidentais,0,0,0,ma,jun,2016,suic
Óbitos com causa desconhecida,0,0,0,ma,jun,2016,suic
Óbitos naturais/ óbitos por motivos de saúde,6,0,6,ma,dez,2017,suic
Óbitos criminais,0,0,0,ma,dez,2017,suic
Óbitos suicídios,1,0,1,ma,dez,2017,suic
Óbitos acidentais,1,0,1,ma,dez,2017,suic
Óbitos com causa desconhecida,0,0,0,ma,dez,2017,suic
Óbitos naturais/ óbitos por motivos de saúde,4,0,4,ma,jun,2017,suic
Óbitos criminais,6,0,6,ma,jun,2017,suic
Óbitos suicídios,0,0,0,ma,jun,2017,suic
Óbitos acidentais,0,0,0,ma,jun,2017,suic
Óbitos com causa desconhecida,0,0,0,ma,jun,2017,suic
Óbitos naturais/ óbitos por motivos de saúde,16,0,16,ma,dez,2018,suic
Óbitos criminais,1,0,1,ma,dez,2018,suic
Óbitos suicídios,1,0,1,ma,dez,2018,suic
Óbitos acidentais,0,0,0,ma,dez,2018,suic
Óbitos com causa desconhecida,2,0,2,ma,dez,2018,suic
Óbitos naturais/ óbitos por motivos de saúde,7,0,7,ma,jun,2018,suic
Óbitos criminais,2,0,2,ma,jun,2018,suic
Óbitos suicídios,1,0,1,ma,jun,2018,suic
Óbitos acidentais,0,0,0,ma,jun,2018,suic
Óbitos com causa desconhecida,0,0,0,ma,jun,2018,suic
Óbitos naturais/ óbitos por motivos de saúde,3,0,3,ma,dez,2019,suic
Óbitos criminais,0,0,0,ma,dez,2019,suic
Óbitos suicídios,0,0,0,ma,dez,2019,suic
Óbitos acidentais,0,0,0,ma,dez,2019,suic
Óbitos com causa desconhecida,0,0,0,ma,dez,2019,suic
Óbitos naturais/ óbitos por motivos de saúde,7,1,8,ma,jun,2019,suic
Óbitos criminais,2,0,2,ma,jun,2019,suic
Óbitos suicídios,3,0,3,ma,jun,2019,suic
Óbitos acidentais,0,0,0,ma,jun,2019,suic
Óbitos com causa desconhecida,1,0,1,ma,jun,2019,suic
Óbitos naturais/ óbitos por motivos de saúde,4,0,4,ma,dez,2020,suic
Óbitos criminais,1,0,1,ma,dez,2020,suic
Óbitos suicídios,3,0,3,ma,dez,2020,suic
Óbitos acidentais,0,0,0,ma,dez,2020,suic
Óbitos com causa desconhecida,0,0,0,ma,dez,2020,suic
Óbitos naturais/ óbitos por motivos de saúde,17,0,17,ma,jun,2020,suic
Óbitos criminais,1,0,1,ma,jun,2020,suic
Óbitos suicídios,0,1,1,ma,jun,2020,suic
Óbitos acidentais,0,0,0,ma,jun,2020,suic
Óbitos com causa desconhecida,0,0,0,ma,jun,2020,suic
Óbitos naturais/ óbitos por motivos de saúde,47,3,50,mg,dez,2014,suic
Óbitos criminais,11,0,11,mg,dez,2014,suic
Óbitos suicídios,9,2,11,mg,dez,2014,suic
Óbitos acidentais,4,0,4,mg,dez,2014,suic
Óbitos com causa desconhecida,4,0,4,mg,dez,2014,suic
Óbitos naturais/ óbitos por motivos de saúde,35,1,36,mg,jun,2014,suic
Óbitos criminais,10,0,10,mg,jun,2014,suic
Óbitos suicídios,9,0,9,mg,jun,2014,suic
Óbitos acidentais,0,0,0,mg,jun,2014,suic
Óbitos com causa desconhecida,2,0,2,mg,jun,2014,suic
Óbitos naturais/ óbitos por motivos de saúde,71,7,78,mg,dez,2015,suic
Óbitos criminais,41,0,41,mg,dez,2015,suic
Óbitos suicídios,18,5,23,mg,dez,2015,suic
Óbitos acidentais,8,0,8,mg,dez,2015,suic
Óbitos com causa desconhecida,10,0,10,mg,dez,2015,suic
Óbitos naturais/ óbitos por motivos de saúde,21,1,22,mg,dez,2016,suic
Óbitos criminais,22,0,22,mg,dez,2016,suic
Óbitos suicídios,9,1,10,mg,dez,2016,suic
Óbitos acidentais,6,1,7,mg,dez,2016,suic
Óbitos com causa desconhecida,2,0,2,mg,dez,2016,suic
Óbitos naturais/ óbitos por motivos de saúde,31,2,33,mg,jun,2016,suic
Óbitos criminais,29,0,29,mg,jun,2016,suic
Óbitos suicídios,6,2,8,mg,jun,2016,suic
Óbitos acidentais,2,0,2,mg,jun,2016,suic
Óbitos com causa desconhecida,3,0,3,mg,jun,2016,suic
Óbitos naturais/ óbitos por motivos de saúde,29,0,29,mg,dez,2017,suic
Óbitos criminais,11,1,12,mg,dez,2017,suic
Óbitos suicídios,13,0,13,mg,dez,2017,suic
Óbitos acidentais,2,1,3,mg,dez,2017,suic
Óbitos com causa desconhecida,1,1,2,mg,dez,2017,suic
Óbitos naturais/ óbitos por motivos de saúde,35,2,37,mg,jun,2017,suic
Óbitos criminais,17,0,17,mg,jun,2017,suic
Óbitos suicídios,12,1,13,mg,jun,2017,suic
Óbitos acidentais,2,0,2,mg,jun,2017,suic
Óbitos com causa desconhecida,4,1,5,mg,jun,2017,suic
Óbitos naturais/ óbitos por motivos de saúde,35,1,36,mg,dez,2018,suic
Óbitos criminais,6,0,6,mg,dez,2018,suic
Óbitos suicídios,4,3,7,mg,dez,2018,suic
Óbitos acidentais,2,0,2,mg,dez,2018,suic
Óbitos com causa desconhecida,2,0,2,mg,dez,2018,suic
Óbitos naturais/ óbitos por motivos de saúde,35,3,38,mg,jun,2018,suic
Óbitos criminais,8,0,8,mg,jun,2018,suic
Óbitos suicídios,15,0,15,mg,jun,2018,suic
Óbitos acidentais,1,0,1,mg,jun,2018,suic
Óbitos com causa desconhecida,3,0,3,mg,jun,2018,suic
Óbitos naturais/ óbitos por motivos de saúde,45,0,45,mg,dez,2019,suic
Óbitos criminais,24,0,24,mg,dez,2019,suic
Óbitos suicídios,13,1,14,mg,dez,2019,suic
Óbitos acidentais,4,0,4,mg,dez,2019,suic
Óbitos com causa desconhecida,0,0,0,mg,dez,2019,suic
Óbitos naturais/ óbitos por motivos de saúde,35,4,39,mg,jun,2019,suic
Óbitos criminais,13,0,13,mg,jun,2019,suic
Óbitos suicídios,9,0,9,mg,jun,2019,suic
Óbitos acidentais,1,0,1,mg,jun,2019,suic
Óbitos com causa desconhecida,4,0,4,mg,jun,2019,suic
Óbitos naturais/ óbitos por motivos de saúde,9,1,10,mg,dez,2020,suic
Óbitos criminais,2,0,2,mg,dez,2020,suic
Óbitos suicídios,17,1,18,mg,dez,2020,suic
Óbitos acidentais,0,0,0,mg,dez,2020,suic
Óbitos com causa desconhecida,0,0,0,mg,dez,2020,suic
Óbitos naturais/ óbitos por motivos de saúde,36,1,37,mg,jun,2020,suic
Óbitos criminais,15,0,15,mg,jun,2020,suic
Óbitos suicídios,24,2,26,mg,jun,2020,suic
Óbitos acidentais,1,0,1,mg,jun,2020,suic
Óbitos com causa desconhecida,1,0,1,mg,jun,2020,suic
Óbitos naturais/ óbitos por motivos de saúde,6,3,9,ms,dez,2014,suic
Óbitos criminais,2,0,2,ms,dez,2014,suic
Óbitos suicídios,0,0,0,ms,dez,2014,suic
Óbitos acidentais,2,0,2,ms,dez,2014,suic
Óbitos com causa desconhecida,6,0,6,ms,dez,2014,suic
Óbitos naturais/ óbitos por motivos de saúde,7,2,9,ms,jun,2014,suic
Óbitos criminais,1,1,2,ms,jun,2014,suic
Óbitos suicídios,2,0,2,ms,jun,2014,suic
Óbitos acidentais,0,0,0,ms,jun,2014,suic
Óbitos com causa desconhecida,1,0,1,ms,jun,2014,suic
Óbitos naturais/ óbitos por motivos de saúde,22,3,25,ms,dez,2015,suic
Óbitos criminais,7,0,7,ms,dez,2015,suic
Óbitos suicídios,3,1,4,ms,dez,2015,suic
Óbitos acidentais,1,0,1,ms,dez,2015,suic
Óbitos com causa desconhecida,8,0,8,ms,dez,2015,suic
Óbitos naturais/ óbitos por motivos de saúde,12,0,12,ms,dez,2016,suic
Óbitos criminais,9,0,9,ms,dez,2016,suic
Óbitos suicídios,0,0,0,ms,dez,2016,suic
Óbitos acidentais,3,0,3,ms,dez,2016,suic
Óbitos com causa desconhecida,0,0,0,ms,dez,2016,suic
Óbitos naturais/ óbitos por motivos de saúde,21,2,23,ms,jun,2016,suic
Óbitos criminais,5,0,5,ms,jun,2016,suic
Óbitos suicídios,4,0,4,ms,jun,2016,suic
Óbitos acidentais,4,0,4,ms,jun,2016,suic
Óbitos com causa desconhecida,0,0,0,ms,jun,2016,suic
Óbitos naturais/ óbitos por motivos de saúde,18,0,18,ms,dez,2017,suic
Óbitos criminais,4,0,4,ms,dez,2017,suic
Óbitos suicídios,2,0,2,ms,dez,2017,suic
Óbitos acidentais,8,0,8,ms,dez,2017,suic
Óbitos com causa desconhecida,5,0,5,ms,dez,2017,suic
Óbitos naturais/ óbitos por motivos de saúde,12,1,13,ms,jun,2017,suic
Óbitos criminais,12,0,12,ms,jun,2017,suic
Óbitos suicídios,5,0,5,ms,jun,2017,suic
Óbitos acidentais,2,0,2,ms,jun,2017,suic
Óbitos com causa desconhecida,10,0,10,ms,jun,2017,suic
Óbitos naturais/ óbitos por motivos de saúde,10,0,10,ms,dez,2018,suic
Óbitos criminais,11,0,11,ms,dez,2018,suic
Óbitos suicídios,1,0,1,ms,dez,2018,suic
Óbitos acidentais,0,0,0,ms,dez,2018,suic
Óbitos com causa desconhecida,7,0,7,ms,dez,2018,suic
Óbitos naturais/ óbitos por motivos de saúde,15,2,17,ms,jun,2018,suic
Óbitos criminais,8,0,8,ms,jun,2018,suic
Óbitos suicídios,1,0,1,ms,jun,2018,suic
Óbitos acidentais,2,0,2,ms,jun,2018,suic
Óbitos com causa desconhecida,8,0,8,ms,jun,2018,suic
Óbitos naturais/ óbitos por motivos de saúde,25,2,27,ms,dez,2019,suic
Óbitos criminais,9,0,9,ms,dez,2019,suic
Óbitos suicídios,2,0,2,ms,dez,2019,suic
Óbitos acidentais,1,0,1,ms,dez,2019,suic
Óbitos com causa desconhecida,5,1,6,ms,dez,2019,suic
Óbitos naturais/ óbitos por motivos de saúde,13,1,14,ms,jun,2019,suic
Óbitos criminais,1,0,1,ms,jun,2019,suic
Óbitos suicídios,2,0,2,ms,jun,2019,suic
Óbitos acidentais,0,0,0,ms,jun,2019,suic
Óbitos com causa desconhecida,7,0,7,ms,jun,2019,suic
Óbitos naturais/ óbitos por motivos de saúde,23,1,24,ms,dez,2020,suic
Óbitos criminais,11,1,12,ms,dez,2020,suic
Óbitos suicídios,3,0,3,ms,dez,2020,suic
Óbitos acidentais,2,0,2,ms,dez,2020,suic
Óbitos com causa desconhecida,1,0,1,ms,dez,2020,suic
Óbitos naturais/ óbitos por motivos de saúde,19,0,19,ms,jun,2020,suic
Óbitos criminais,7,0,7,ms,jun,2020,suic
Óbitos suicídios,1,0,1,ms,jun,2020,suic
Óbitos acidentais,1,0,1,ms,jun,2020,suic
Óbitos com causa desconhecida,3,0,3,ms,jun,2020,suic
Óbitos naturais/ óbitos por motivos de saúde,9,0,9,mt,dez,2014,suic
Óbitos criminais,0,1,1,mt,dez,2014,suic
Óbitos suicídios,0,1,1,mt,dez,2014,suic
Óbitos acidentais,0,0,0,mt,dez,2014,suic
Óbitos com causa desconhecida,3,0,3,mt,dez,2014,suic
Óbitos naturais/ óbitos por motivos de saúde,9,0,9,mt,jun,2014,suic
Óbitos criminais,1,0,1,mt,jun,2014,suic
Óbitos suicídios,0,0,0,mt,jun,2014,suic
Óbitos acidentais,0,0,0,mt,jun,2014,suic
Óbitos com causa desconhecida,1,0,1,mt,jun,2014,suic
Óbitos naturais/ óbitos por motivos de saúde,37,0,37,mt,dez,2015,suic
Óbitos criminais,20,0,20,mt,dez,2015,suic
Óbitos suicídios,2,0,2,mt,dez,2015,suic
Óbitos acidentais,10,0,10,mt,dez,2015,suic
Óbitos com causa desconhecida,1,0,1,mt,dez,2015,suic
Óbitos naturais/ óbitos por motivos de saúde,7,0,7,mt,dez,2016,suic
Óbitos criminais,6,0,6,mt,dez,2016,suic
Óbitos suicídios,0,0,0,mt,dez,2016,suic
Óbitos acidentais,0,0,0,mt,dez,2016,suic
Óbitos com causa desconhecida,4,0,4,mt,dez,2016,suic
Óbitos naturais/ óbitos por motivos de saúde,8,0,8,mt,jun,2016,suic
Óbitos criminais,1,0,1,mt,jun,2016,suic
Óbitos suicídios,0,0,0,mt,jun,2016,suic
Óbitos acidentais,0,0,0,mt,jun,2016,suic
Óbitos com causa desconhecida,0,0,0,mt,jun,2016,suic
Óbitos naturais/ óbitos por motivos de saúde,3,0,3,mt,dez,2017,suic
Óbitos criminais,2,0,2,mt,dez,2017,suic
Óbitos suicídios,0,1,1,mt,dez,2017,suic
Óbitos acidentais,0,0,0,mt,dez,2017,suic
Óbitos com causa desconhecida,10,0,10,mt,dez,2017,suic
Óbitos naturais/ óbitos por motivos de saúde,8,0,8,mt,jun,2017,suic
Óbitos criminais,4,0,4,mt,jun,2017,suic
Óbitos suicídios,1,1,2,mt,jun,2017,suic
Óbitos acidentais,0,0,0,mt,jun,2017,suic
Óbitos com causa desconhecida,0,0,0,mt,jun,2017,suic
Óbitos naturais/ óbitos por motivos de saúde,13,2,15,mt,dez,2018,suic
Óbitos criminais,4,0,4,mt,dez,2018,suic
Óbitos suicídios,1,0,1,mt,dez,2018,suic
Óbitos acidentais,0,0,0,mt,dez,2018,suic
Óbitos com causa desconhecida,3,0,3,mt,dez,2018,suic
Óbitos naturais/ óbitos por motivos de saúde,9,1,10,mt,jun,2018,suic
Óbitos criminais,3,0,3,mt,jun,2018,suic
Óbitos suicídios,2,1,3,mt,jun,2018,suic
Óbitos acidentais,1,0,1,mt,jun,2018,suic
Óbitos com causa desconhecida,3,0,3,mt,jun,2018,suic
Óbitos naturais/ óbitos por motivos de saúde,10,0,10,mt,dez,2019,suic
Óbitos criminais,0,0,0,mt,dez,2019,suic
Óbitos suicídios,0,0,0,mt,dez,2019,suic
Óbitos acidentais,0,0,0,mt,dez,2019,suic
Óbitos com causa desconhecida,0,0,0,mt,dez,2019,suic
Óbitos naturais/ óbitos por motivos de saúde,9,6,15,mt,jun,2019,suic
Óbitos criminais,1,0,1,mt,jun,2019,suic
Óbitos suicídios,0,0,0,mt,jun,2019,suic
Óbitos acidentais,0,0,0,mt,jun,2019,suic
Óbitos com causa desconhecida,1,0,1,mt,jun,2019,suic
Óbitos naturais/ óbitos por motivos de saúde,5,0,5,mt,dez,2020,suic
Óbitos criminais,0,0,0,mt,dez,2020,suic
Óbitos suicídios,2,0,2,mt,dez,2020,suic
Óbitos acidentais,0,0,0,mt,dez,2020,suic
Óbitos com causa desconhecida,1,0,1,mt,dez,2020,suic
Óbitos naturais/ óbitos por motivos de saúde,9,0,9,mt,jun,2020,suic
Óbitos criminais,2,0,2,mt,jun,2020,suic
Óbitos suicídios,1,0,1,mt,jun,2020,suic
Óbitos acidentais,0,0,0,mt,jun,2020,suic
Óbitos com causa desconhecida,1,0,1,mt,jun,2020,suic
Óbitos naturais/ óbitos por motivos de saúde,14,0,14,pa,dez,2014,suic
Óbitos criminais,12,0,12,pa,dez,2014,suic
Óbitos suicídios,3,0,3,pa,dez,2014,suic
Óbitos acidentais,0,0,0,pa,dez,2014,suic
Óbitos com causa desconhecida,0,0,0,pa,dez,2014,suic
Óbitos naturais/ óbitos por motivos de saúde,14,0,14,pa,jun,2014,suic
Óbitos criminais,14,0,14,pa,jun,2014,suic
Óbitos suicídios,2,0,2,pa,jun,2014,suic
Óbitos acidentais,14,0,14,pa,jun,2014,suic
Óbitos com causa desconhecida,0,0,0,pa,jun,2014,suic
Óbitos naturais/ óbitos por motivos de saúde,16,0,16,pa,dez,2015,suic
Óbitos criminais,21,0,21,pa,dez,2015,suic
Óbitos suicídios,3,0,3,pa,dez,2015,suic
Óbitos acidentais,4,0,4,pa,dez,2015,suic
Óbitos com causa desconhecida,1,0,1,pa,dez,2015,suic
Óbitos naturais/ óbitos por motivos de saúde,6,0,6,pa,dez,2016,suic
Óbitos criminais,23,0,23,pa,dez,2016,suic
Óbitos suicídios,2,0,2,pa,dez,2016,suic
Óbitos acidentais,2,0,2,pa,dez,2016,suic
Óbitos com causa desconhecida,0,0,0,pa,dez,2016,suic
Óbitos naturais/ óbitos por motivos de saúde,9,0,9,pa,jun,2016,suic
Óbitos criminais,15,0,15,pa,jun,2016,suic
Óbitos suicídios,1,0,1,pa,jun,2016,suic
Óbitos acidentais,2,0,2,pa,jun,2016,suic
Óbitos com causa desconhecida,6,0,6,pa,jun,2016,suic
Óbitos naturais/ óbitos por motivos de saúde,9,1,10,pa,dez,2017,suic
Óbitos criminais,13,1,14,pa,dez,2017,suic
Óbitos suicídios,6,0,6,pa,dez,2017,suic
Óbitos acidentais,0,0,0,pa,dez,2017,suic
Óbitos com causa desconhecida,1,0,1,pa,dez,2017,suic
Óbitos naturais/ óbitos por motivos de saúde,14,0,14,pa,jun,2017,suic
Óbitos criminais,34,2,36,pa,jun,2017,suic
Óbitos suicídios,4,0,4,pa,jun,2017,suic
Óbitos acidentais,0,0,0,pa,jun,2017,suic
Óbitos com causa desconhecida,0,0,0,pa,jun,2017,suic
Óbitos naturais/ óbitos por motivos de saúde,20,0,20,pa,dez,2018,suic
Óbitos criminais,28,1,29,pa,dez,2018,suic
Óbitos suicídios,30,0,30,pa,dez,2018,suic
Óbitos acidentais,2,0,2,pa,dez,2018,suic
Óbitos com causa desconhecida,5,0,5,pa,dez,2018,suic
Óbitos naturais/ óbitos por motivos de saúde,11,0,11,pa,jun,2018,suic
Óbitos criminais,15,1,16,pa,jun,2018,suic
Óbitos suicídios,25,0,25,pa,jun,2018,suic
Óbitos acidentais,0,0,0,pa,jun,2018,suic
Óbitos com causa desconhecida,1,0,1,pa,jun,2018,suic
Óbitos naturais/ óbitos por motivos de saúde,14,0,14,pa,dez,2019,suic
Óbitos criminais,65,0,65,pa,dez,2019,suic
Óbitos suicídios,7,1,8,pa,dez,2019,suic
Óbitos acidentais,1,0,1,pa,dez,2019,suic
Óbitos com causa desconhecida,2,0,2,pa,dez,2019,suic
Óbitos naturais/ óbitos por motivos de saúde,20,0,20,pa,jun,2019,suic
Óbitos criminais,20,0,20,pa,jun,2019,suic
Óbitos suicídios,26,1,27,pa,jun,2019,suic
Óbitos acidentais,0,0,0,pa,jun,2019,suic
Óbitos com causa desconhecida,22,3,25,pa,jun,2019,suic
Óbitos naturais/ óbitos por motivos de saúde,14,1,15,pa,dez,2020,suic
Óbitos criminais,10,2,12,pa,dez,2020,suic
Óbitos suicídios,1,0,1,pa,dez,2020,suic
Óbitos acidentais,2,0,2,pa,dez,2020,suic
Óbitos com causa desconhecida,2,0,2,pa,dez,2020,suic
Óbitos naturais/ óbitos por motivos de saúde,25,2,27,pa,jun,2020,suic
Óbitos criminais,1,0,1,pa,jun,2020,suic
Óbitos suicídios,0,1,1,pa,jun,2020,suic
Óbitos acidentais,0,0,0,pa,jun,2020,suic
Óbitos com causa desconhecida,0,0,0,pa,jun,2020,suic
Óbitos naturais/ óbitos por motivos de saúde,13,0,13,pb,dez,2014,suic
Óbitos criminais,9,0,9,pb,dez,2014,suic
Óbitos suicídios,2,0,2,pb,dez,2014,suic
Óbitos acidentais,0,0,0,pb,dez,2014,suic
Óbitos com causa desconhecida,2,0,2,pb,dez,2014,suic
Óbitos naturais/ óbitos por motivos de saúde,7,1,8,pb,jun,2014,suic
Óbitos criminais,2,0,2,pb,jun,2014,suic
Óbitos suicídios,2,0,2,pb,jun,2014,suic
Óbitos acidentais,0,0,0,pb,jun,2014,suic
Óbitos com causa desconhecida,0,0,0,pb,jun,2014,suic
Óbitos naturais/ óbitos por motivos de saúde,12,1,13,pb,dez,2015,suic
Óbitos criminais,27,0,27,pb,dez,2015,suic
Óbitos suicídios,2,0,2,pb,dez,2015,suic
Óbitos acidentais,0,1,1,pb,dez,2015,suic
Óbitos com causa desconhecida,0,0,0,pb,dez,2015,suic
Óbitos naturais/ óbitos por motivos de saúde,6,0,6,pb,dez,2016,suic
Óbitos criminais,8,0,8,pb,dez,2016,suic
Óbitos suicídios,1,0,1,pb,dez,2016,suic
Óbitos acidentais,0,0,0,pb,dez,2016,suic
Óbitos com causa desconhecida,0,0,0,pb,dez,2016,suic
Óbitos naturais/ óbitos por motivos de saúde,4,0,4,pb,jun,2016,suic
Óbitos criminais,11,0,11,pb,jun,2016,suic
Óbitos suicídios,2,0,2,pb,jun,2016,suic
Óbitos acidentais,2,0,2,pb,jun,2016,suic
Óbitos com causa desconhecida,1,0,1,pb,jun,2016,suic
Óbitos naturais/ óbitos por motivos de saúde,8,1,9,pb,dez,2017,suic
Óbitos criminais,7,0,7,pb,dez,2017,suic
Óbitos suicídios,3,0,3,pb,dez,2017,suic
Óbitos acidentais,0,0,0,pb,dez,2017,suic
Óbitos com causa desconhecida,0,0,0,pb,dez,2017,suic
Óbitos naturais/ óbitos por motivos de saúde,4,1,5,pb,jun,2017,suic
Óbitos criminais,5,0,5,pb,jun,2017,suic
Óbitos suicídios,1,0,1,pb,jun,2017,suic
Óbitos acidentais,2,1,3,pb,jun,2017,suic
Óbitos com causa desconhecida,0,0,0,pb,jun,2017,suic
Óbitos naturais/ óbitos por motivos de saúde,5,0,5,pb,dez,2018,suic
Óbitos criminais,5,0,5,pb,dez,2018,suic
Óbitos suicídios,4,0,4,pb,dez,2018,suic
Óbitos acidentais,2,0,2,pb,dez,2018,suic
Óbitos com causa desconhecida,0,0,0,pb,dez,2018,suic
Óbitos naturais/ óbitos por motivos de saúde,6,0,6,pb,jun,2018,suic
Óbitos criminais,1,0,1,pb,jun,2018,suic
Óbitos suicídios,1,0,1,pb,jun,2018,suic
Óbitos acidentais,0,0,0,pb,jun,2018,suic
Óbitos com causa desconhecida,0,0,0,pb,jun,2018,suic
Óbitos naturais/ óbitos por motivos de saúde,11,0,11,pb,dez,2019,suic
Óbitos criminais,4,0,4,pb,dez,2019,suic
Óbitos suicídios,0,0,0,pb,dez,2019,suic
Óbitos acidentais,0,0,0,pb,dez,2019,suic
Óbitos com causa desconhecida,0,0,0,pb,dez,2019,suic
Óbitos naturais/ óbitos por motivos de saúde,13,0,13,pb,jun,2019,suic
Óbitos criminais,1,0,1,pb,jun,2019,suic
Óbitos suicídios,4,0,4,pb,jun,2019,suic
Óbitos acidentais,0,0,0,pb,jun,2019,suic
Óbitos com causa desconhecida,0,0,0,pb,jun,2019,suic
Óbitos naturais/ óbitos por motivos de saúde,6,0,6,pb,dez,2020,suic
Óbitos criminais,1,0,1,pb,dez,2020,suic
Óbitos suicídios,1,0,1,pb,dez,2020,suic
Óbitos acidentais,0,0,0,pb,dez,2020,suic
Óbitos com causa desconhecida,0,0,0,pb,dez,2020,suic
Óbitos naturais/ óbitos por motivos de saúde,13,0,13,pb,jun,2020,suic
Óbitos criminais,2,0,2,pb,jun,2020,suic
Óbitos suicídios,1,0,1,pb,jun,2020,suic
Óbitos acidentais,0,0,0,pb,jun,2020,suic
Óbitos com causa desconhecida,0,0,0,pb,jun,2020,suic
Óbitos naturais/ óbitos por motivos de saúde,25,0,25,pe,dez,2014,suic
Óbitos criminais,13,0,13,pe,dez,2014,suic
Óbitos suicídios,1,0,1,pe,dez,2014,suic
Óbitos acidentais,0,0,0,pe,dez,2014,suic
Óbitos com causa desconhecida,4,0,4,pe,dez,2014,suic
Óbitos naturais/ óbitos por motivos de saúde,20,3,23,pe,jun,2014,suic
Óbitos criminais,16,0,16,pe,jun,2014,suic
Óbitos suicídios,3,0,3,pe,jun,2014,suic
Óbitos acidentais,0,0,0,pe,jun,2014,suic
Óbitos com causa desconhecida,1,0,1,pe,jun,2014,suic
Óbitos naturais/ óbitos por motivos de saúde,35,2,37,pe,dez,2015,suic
Óbitos criminais,22,0,22,pe,dez,2015,suic
Óbitos suicídios,6,0,6,pe,dez,2015,suic
Óbitos acidentais,2,0,2,pe,dez,2015,suic
Óbitos com causa desconhecida,11,0,11,pe,dez,2015,suic
Óbitos naturais/ óbitos por motivos de saúde,27,5,32,pe,dez,2016,suic
Óbitos criminais,17,0,17,pe,dez,2016,suic
Óbitos suicídios,3,0,3,pe,dez,2016,suic
Óbitos acidentais,1,0,1,pe,dez,2016,suic
Óbitos com causa desconhecida,0,0,0,pe,dez,2016,suic
Óbitos naturais/ óbitos por motivos de saúde,35,4,39,pe,jun,2016,suic
Óbitos criminais,23,0,23,pe,jun,2016,suic
Óbitos suicídios,2,0,2,pe,jun,2016,suic
Óbitos acidentais,2,0,2,pe,jun,2016,suic
Óbitos com causa desconhecida,2,0,2,pe,jun,2016,suic
Óbitos naturais/ óbitos por motivos de saúde,23,2,25,pe,dez,2017,suic
Óbitos criminais,18,0,18,pe,dez,2017,suic
Óbitos suicídios,5,0,5,pe,dez,2017,suic
Óbitos acidentais,4,1,5,pe,dez,2017,suic
Óbitos com causa desconhecida,2,0,2,pe,dez,2017,suic
Óbitos naturais/ óbitos por motivos de saúde,31,2,33,pe,jun,2017,suic
Óbitos criminais,8,0,8,pe,jun,2017,suic
Óbitos suicídios,6,0,6,pe,jun,2017,suic
Óbitos acidentais,4,0,4,pe,jun,2017,suic
Óbitos com causa desconhecida,4,0,4,pe,jun,2017,suic
Óbitos naturais/ óbitos por motivos de saúde,21,1,22,pe,dez,2018,suic
Óbitos criminais,6,0,6,pe,dez,2018,suic
Óbitos suicídios,2,0,2,pe,dez,2018,suic
Óbitos acidentais,1,0,1,pe,dez,2018,suic
Óbitos com causa desconhecida,2,0,2,pe,dez,2018,suic
Óbitos naturais/ óbitos por motivos de saúde,21,1,22,pe,jun,2018,suic
Óbitos criminais,7,0,7,pe,jun,2018,suic
Óbitos suicídios,2,0,2,pe,jun,2018,suic
Óbitos acidentais,0,0,0,pe,jun,2018,suic
Óbitos com causa desconhecida,1,0,1,pe,jun,2018,suic
Óbitos naturais/ óbitos por motivos de saúde,38,0,38,pe,dez,2019,suic
Óbitos criminais,5,0,5,pe,dez,2019,suic
Óbitos suicídios,3,0,3,pe,dez,2019,suic
Óbitos acidentais,1,0,1,pe,dez,2019,suic
Óbitos com causa desconhecida,1,0,1,pe,dez,2019,suic
Óbitos naturais/ óbitos por motivos de saúde,27,1,28,pe,jun,2019,suic
Óbitos criminais,4,0,4,pe,jun,2019,suic
Óbitos suicídios,2,0,2,pe,jun,2019,suic
Óbitos acidentais,1,0,1,pe,jun,2019,suic
Óbitos com causa desconhecida,6,0,6,pe,jun,2019,suic
Óbitos naturais/ óbitos por motivos de saúde,28,2,30,pe,dez,2020,suic
Óbitos criminais,5,0,5,pe,dez,2020,suic
Óbitos suicídios,2,0,2,pe,dez,2020,suic
Óbitos acidentais,1,0,1,pe,dez,2020,suic
Óbitos com causa desconhecida,3,0,3,pe,dez,2020,suic
Óbitos naturais/ óbitos por motivos de saúde,48,2,50,pe,jun,2020,suic
Óbitos criminais,5,0,5,pe,jun,2020,suic
Óbitos suicídios,2,1,3,pe,jun,2020,suic
Óbitos acidentais,0,0,0,pe,jun,2020,suic
Óbitos com causa desconhecida,5,0,5,pe,jun,2020,suic
Óbitos naturais/ óbitos por motivos de saúde,3,0,3,pi,dez,2014,suic
Óbitos criminais,5,0,5,pi,dez,2014,suic
Óbitos suicídios,2,0,2,pi,dez,2014,suic
Óbitos acidentais,0,0,0,pi,dez,2014,suic
Óbitos com causa desconhecida,0,0,0,pi,dez,2014,suic
Óbitos naturais/ óbitos por motivos de saúde,7,1,8,pi,jun,2014,suic
Óbitos criminais,5,0,5,pi,jun,2014,suic
Óbitos suicídios,4,0,4,pi,jun,2014,suic
Óbitos acidentais,0,0,0,pi,jun,2014,suic
Óbitos com causa desconhecida,0,0,0,pi,jun,2014,suic
Óbitos naturais/ óbitos por motivos de saúde,7,0,7,pi,dez,2015,suic
Óbitos criminais,12,0,12,pi,dez,2015,suic
Óbitos suicídios,2,0,2,pi,dez,2015,suic
Óbitos acidentais,0,0,0,pi,dez,2015,suic
Óbitos com causa desconhecida,0,0,0,pi,dez,2015,suic
Óbitos naturais/ óbitos por motivos de saúde,0,0,0,pi,dez,2016,suic
Óbitos criminais,2,0,2,pi,dez,2016,suic
Óbitos suicídios,1,0,1,pi,dez,2016,suic
Óbitos acidentais,0,0,0,pi,dez,2016,suic
Óbitos com causa desconhecida,0,0,0,pi,dez,2016,suic
Óbitos naturais/ óbitos por motivos de saúde,7,0,7,pi,jun,2016,suic
Óbitos criminais,7,0,7,pi,jun,2016,suic
Óbitos suicídios,0,0,0,pi,jun,2016,suic
Óbitos acidentais,1,0,1,pi,jun,2016,suic
Óbitos com causa desconhecida,0,0,0,pi,jun,2016,suic
Óbitos naturais/ óbitos por motivos de saúde,4,0,4,pi,dez,2017,suic
Óbitos criminais,1,0,1,pi,dez,2017,suic
Óbitos suicídios,0,0,0,pi,dez,2017,suic
Óbitos acidentais,0,0,0,pi,dez,2017,suic
Óbitos com causa desconhecida,0,0,0,pi,dez,2017,suic
Óbitos naturais/ óbitos por motivos de saúde,2,0,2,pi,jun,2017,suic
Óbitos criminais,4,0,4,pi,jun,2017,suic
Óbitos suicídios,0,0,0,pi,jun,2017,suic
Óbitos acidentais,0,0,0,pi,jun,2017,suic
Óbitos com causa desconhecida,0,0,0,pi,jun,2017,suic
Óbitos naturais/ óbitos por motivos de saúde,4,0,4,pi,dez,2018,suic
Óbitos criminais,0,0,0,pi,dez,2018,suic
Óbitos suicídios,1,0,1,pi,dez,2018,suic
Óbitos acidentais,0,0,0,pi,dez,2018,suic
Óbitos com causa desconhecida,0,0,0,pi,dez,2018,suic
Óbitos naturais/ óbitos por motivos de saúde,2,0,2,pi,jun,2018,suic
Óbitos criminais,0,0,0,pi,jun,2018,suic
Óbitos suicídios,0,0,0,pi,jun,2018,suic
Óbitos acidentais,0,0,0,pi,jun,2018,suic
Óbitos com causa desconhecida,0,0,0,pi,jun,2018,suic
Óbitos naturais/ óbitos por motivos de saúde,2,0,2,pi,dez,2019,suic
Óbitos criminais,5,0,5,pi,dez,2019,suic
Óbitos suicídios,0,0,0,pi,dez,2019,suic
Óbitos acidentais,1,0,1,pi,dez,2019,suic
Óbitos com causa desconhecida,1,0,1,pi,dez,2019,suic
Óbitos naturais/ óbitos por motivos de saúde,3,0,3,pi,jun,2019,suic
Óbitos criminais,5,0,5,pi,jun,2019,suic
Óbitos suicídios,2,0,2,pi,jun,2019,suic
Óbitos acidentais,0,0,0,pi,jun,2019,suic
Óbitos com causa desconhecida,0,0,0,pi,jun,2019,suic
Óbitos naturais/ óbitos por motivos de saúde,3,0,3,pi,dez,2020,suic
Óbitos criminais,0,0,0,pi,dez,2020,suic
Óbitos suicídios,1,0,1,pi,dez,2020,suic
Óbitos acidentais,0,0,0,pi,dez,2020,suic
Óbitos com causa desconhecida,0,0,0,pi,dez,2020,suic
Óbitos naturais/ óbitos por motivos de saúde,7,0,7,pi,jun,2020,suic
Óbitos criminais,1,0,1,pi,jun,2020,suic
Óbitos suicídios,0,0,0,pi,jun,2020,suic
Óbitos acidentais,0,0,0,pi,jun,2020,suic
Óbitos com causa desconhecida,0,0,0,pi,jun,2020,suic
Óbitos naturais/ óbitos por motivos de saúde,29,0,29,pr,dez,2014,suic
Óbitos criminais,1,0,1,pr,dez,2014,suic
Óbitos suicídios,1,0,1,pr,dez,2014,suic
Óbitos acidentais,0,0,0,pr,dez,2014,suic
Óbitos com causa desconhecida,0,0,0,pr,dez,2014,suic
Óbitos naturais/ óbitos por motivos de saúde,24,3,27,pr,jun,2014,suic
Óbitos criminais,1,0,1,pr,jun,2014,suic
Óbitos suicídios,1,0,1,pr,jun,2014,suic
Óbitos acidentais,0,0,0,pr,jun,2014,suic
Óbitos com causa desconhecida,0,0,0,pr,jun,2014,suic
Óbitos naturais/ óbitos por motivos de saúde,42,3,45,pr,dez,2015,suic
Óbitos criminais,2,0,2,pr,dez,2015,suic
Óbitos suicídios,9,0,9,pr,dez,2015,suic
Óbitos acidentais,1,0,1,pr,dez,2015,suic
Óbitos com causa desconhecida,0,0,0,pr,dez,2015,suic
Óbitos naturais/ óbitos por motivos de saúde,23,0,23,pr,dez,2016,suic
Óbitos criminais,4,0,4,pr,dez,2016,suic
Óbitos suicídios,1,0,1,pr,dez,2016,suic
Óbitos acidentais,0,0,0,pr,dez,2016,suic
Óbitos com causa desconhecida,9,0,9,pr,dez,2016,suic
Óbitos naturais/ óbitos por motivos de saúde,25,0,25,pr,jun,2016,suic
Óbitos criminais,4,0,4,pr,jun,2016,suic
Óbitos suicídios,1,0,1,pr,jun,2016,suic
Óbitos acidentais,0,0,0,pr,jun,2016,suic
Óbitos com causa desconhecida,0,1,1,pr,jun,2016,suic
Óbitos naturais/ óbitos por motivos de saúde,13,0,13,pr,dez,2017,suic
Óbitos criminais,5,0,5,pr,dez,2017,suic
Óbitos suicídios,0,0,0,pr,dez,2017,suic
Óbitos acidentais,0,0,0,pr,dez,2017,suic
Óbitos com causa desconhecida,0,0,0,pr,dez,2017,suic
Óbitos naturais/ óbitos por motivos de saúde,16,0,16,pr,jun,2017,suic
Óbitos criminais,5,0,5,pr,jun,2017,suic
Óbitos suicídios,4,0,4,pr,jun,2017,suic
Óbitos acidentais,0,0,0,pr,jun,2017,suic
Óbitos com causa desconhecida,0,0,0,pr,jun,2017,suic
Óbitos naturais/ óbitos por motivos de saúde,17,1,18,pr,dez,2018,suic
Óbitos criminais,4,0,4,pr,dez,2018,suic
Óbitos suicídios,8,0,8,pr,dez,2018,suic
Óbitos acidentais,0,0,0,pr,dez,2018,suic
Óbitos com causa desconhecida,2,0,2,pr,dez,2018,suic
Óbitos naturais/ óbitos por motivos de saúde,19,3,22,pr,jun,2018,suic
Óbitos criminais,6,0,6,pr,jun,2018,suic
Óbitos suicídios,4,0,4,pr,jun,2018,suic
Óbitos acidentais,0,0,0,pr,jun,2018,suic
Óbitos com causa desconhecida,1,0,1,pr,jun,2018,suic
Óbitos naturais/ óbitos por motivos de saúde,18,0,18,pr,dez,2019,suic
Óbitos criminais,3,0,3,pr,dez,2019,suic
Óbitos suicídios,11,0,11,pr,dez,2019,suic
Óbitos acidentais,0,0,0,pr,dez,2019,suic
Óbitos com causa desconhecida,2,0,2,pr,dez,2019,suic
Óbitos naturais/ óbitos por motivos de saúde,19,0,19,pr,jun,2019,suic
Óbitos criminais,4,0,4,pr,jun,2019,suic
Óbitos suicídios,11,0,11,pr,jun,2019,suic
Óbitos acidentais,0,0,0,pr,jun,2019,suic
Óbitos com causa desconhecida,3,0,3,pr,jun,2019,suic
Óbitos naturais/ óbitos por motivos de saúde,27,0,27,pr,dez,2020,suic
Óbitos criminais,7,0,7,pr,dez,2020,suic
Óbitos suicídios,12,0,12,pr,dez,2020,suic
Óbitos acidentais,2,0,2,pr,dez,2020,suic
Óbitos com causa desconhecida,2,0,2,pr,dez,2020,suic
Óbitos naturais/ óbitos por motivos de saúde,33,1,34,pr,jun,2020,suic
Óbitos criminais,3,0,3,pr,jun,2020,suic
Óbitos suicídios,12,0,12,pr,jun,2020,suic
Óbitos acidentais,0,0,0,pr,jun,2020,suic
Óbitos com causa desconhecida,3,0,3,pr,jun,2020,suic
Óbitos naturais/ óbitos por motivos de saúde,59,4,63,rj,dez,2014,suic
Óbitos criminais,0,0,0,rj,dez,2014,suic
Óbitos suicídios,1,0,1,rj,dez,2014,suic
Óbitos acidentais,1,0,1,rj,dez,2014,suic
Óbitos com causa desconhecida,21,0,21,rj,dez,2014,suic
Óbitos naturais/ óbitos por motivos de saúde,0,0,0,rj,jun,2014,suic
Óbitos criminais,0,0,0,rj,jun,2014,suic
Óbitos suicídios,0,0,0,rj,jun,2014,suic
Óbitos acidentais,0,0,0,rj,jun,2014,suic
Óbitos com causa desconhecida,0,0,0,rj,jun,2014,suic
Óbitos naturais/ óbitos por motivos de saúde,0,0,0,rj,dez,2015,suic
Óbitos criminais,0,0,0,rj,dez,2015,suic
Óbitos suicídios,0,0,0,rj,dez,2015,suic
Óbitos acidentais,0,0,0,rj,dez,2015,suic
Óbitos com causa desconhecida,0,0,0,rj,dez,2015,suic
Óbitos naturais/ óbitos por motivos de saúde,100,1,101,rj,dez,2016,suic
Óbitos criminais,9,0,9,rj,dez,2016,suic
Óbitos suicídios,1,0,1,rj,dez,2016,suic
Óbitos acidentais,0,0,0,rj,dez,2016,suic
Óbitos com causa desconhecida,13,1,14,rj,dez,2016,suic
Óbitos naturais/ óbitos por motivos de saúde,0,0,0,rj,jun,2016,suic
Óbitos criminais,0,0,0,rj,jun,2016,suic
Óbitos suicídios,0,0,0,rj,jun,2016,suic
Óbitos acidentais,0,0,0,rj,jun,2016,suic
Óbitos com causa desconhecida,0,0,0,rj,jun,2016,suic
Óbitos naturais/ óbitos por motivos de saúde,101,2,103,rj,dez,2017,suic
Óbitos criminais,2,0,2,rj,dez,2017,suic
Óbitos suicídios,2,0,2,rj,dez,2017,suic
Óbitos acidentais,1,0,1,rj,dez,2017,suic
Óbitos com causa desconhecida,8,0,8,rj,dez,2017,suic
Óbitos naturais/ óbitos por motivos de saúde,100,5,105,rj,jun,2017,suic
Óbitos criminais,2,0,2,rj,jun,2017,suic
Óbitos suicídios,3,0,3,rj,jun,2017,suic
Óbitos acidentais,1,0,1,rj,jun,2017,suic
Óbitos com causa desconhecida,14,0,14,rj,jun,2017,suic
Óbitos naturais/ óbitos por motivos de saúde,126,5,131,rj,dez,2018,suic
Óbitos criminais,0,0,0,rj,dez,2018,suic
Óbitos suicídios,3,0,3,rj,dez,2018,suic
Óbitos acidentais,1,0,1,rj,dez,2018,suic
Óbitos com causa desconhecida,5,0,5,rj,dez,2018,suic
Óbitos naturais/ óbitos por motivos de saúde,199,3,202,rj,jun,2018,suic
Óbitos criminais,1,0,1,rj,jun,2018,suic
Óbitos suicídios,0,0,0,rj,jun,2018,suic
Óbitos acidentais,0,0,0,rj,jun,2018,suic
Óbitos com causa desconhecida,14,0,14,rj,jun,2018,suic
Óbitos naturais/ óbitos por motivos de saúde,174,2,176,rj,dez,2019,suic
Óbitos criminais,3,0,3,rj,dez,2019,suic
Óbitos suicídios,1,0,1,rj,dez,2019,suic
Óbitos acidentais,0,0,0,rj,dez,2019,suic
Óbitos com causa desconhecida,4,0,4,rj,dez,2019,suic
Óbitos naturais/ óbitos por motivos de saúde,128,5,133,rj,jun,2019,suic
Óbitos criminais,2,0,2,rj,jun,2019,suic
Óbitos suicídios,1,0,1,rj,jun,2019,suic
Óbitos acidentais,0,0,0,rj,jun,2019,suic
Óbitos com causa desconhecida,4,0,4,rj,jun,2019,suic
Óbitos naturais/ óbitos por motivos de saúde,130,4,134,rj,dez,2020,suic
Óbitos criminais,1,0,1,rj,dez,2020,suic
Óbitos suicídios,0,0,0,rj,dez,2020,suic
Óbitos acidentais,0,0,0,rj,dez,2020,suic
Óbitos com causa desconhecida,4,0,4,rj,dez,2020,suic
Óbitos naturais/ óbitos por motivos de saúde,149,5,154,rj,jun,2020,suic
Óbitos criminais,2,0,2,rj,jun,2020,suic
Óbitos suicídios,0,0,0,rj,jun,2020,suic
Óbitos acidentais,1,0,1,rj,jun,2020,suic
Óbitos com causa desconhecida,2,0,2,rj,jun,2020,suic
Óbitos naturais/ óbitos por motivos de saúde,5,0,5,rn,dez,2014,suic
Óbitos criminais,1,0,1,rn,dez,2014,suic
Óbitos suicídios,2,0,2,rn,dez,2014,suic
Óbitos acidentais,0,0,0,rn,dez,2014,suic
Óbitos com causa desconhecida,0,0,0,rn,dez,2014,suic
Óbitos naturais/ óbitos por motivos de saúde,5,0,5,rn,jun,2014,suic
Óbitos criminais,3,0,3,rn,jun,2014,suic
Óbitos suicídios,4,0,4,rn,jun,2014,suic
Óbitos acidentais,1,0,1,rn,jun,2014,suic
Óbitos com causa desconhecida,0,0,0,rn,jun,2014,suic
Óbitos naturais/ óbitos por motivos de saúde,11,1,12,rn,dez,2015,suic
Óbitos criminais,11,0,11,rn,dez,2015,suic
Óbitos suicídios,5,0,5,rn,dez,2015,suic
Óbitos acidentais,0,0,0,rn,dez,2015,suic
Óbitos com causa desconhecida,14,0,14,rn,dez,2015,suic
Óbitos naturais/ óbitos por motivos de saúde,8,0,8,rn,dez,2016,suic
Óbitos criminais,37,0,37,rn,dez,2016,suic
Óbitos suicídios,1,0,1,rn,dez,2016,suic
Óbitos acidentais,0,0,0,rn,dez,2016,suic
Óbitos com causa desconhecida,0,0,0,rn,dez,2016,suic
Óbitos naturais/ óbitos por motivos de saúde,4,0,4,rn,jun,2016,suic
Óbitos criminais,10,1,11,rn,jun,2016,suic
Óbitos suicídios,1,0,1,rn,jun,2016,suic
Óbitos acidentais,0,0,0,rn,jun,2016,suic
Óbitos com causa desconhecida,6,0,6,rn,jun,2016,suic
Óbitos naturais/ óbitos por motivos de saúde,7,0,7,rn,dez,2017,suic
Óbitos criminais,32,0,32,rn,dez,2017,suic
Óbitos suicídios,4,0,4,rn,dez,2017,suic
Óbitos acidentais,0,0,0,rn,dez,2017,suic
Óbitos com causa desconhecida,1,0,1,rn,dez,2017,suic
Óbitos naturais/ óbitos por motivos de saúde,5,0,5,rn,jun,2017,suic
Óbitos criminais,31,0,31,rn,jun,2017,suic
Óbitos suicídios,4,0,4,rn,jun,2017,suic
Óbitos acidentais,1,0,1,rn,jun,2017,suic
Óbitos com causa desconhecida,0,0,0,rn,jun,2017,suic
Óbitos naturais/ óbitos por motivos de saúde,10,0,10,rn,dez,2018,suic
Óbitos criminais,4,0,4,rn,dez,2018,suic
Óbitos suicídios,1,0,1,rn,dez,2018,suic
Óbitos acidentais,2,0,2,rn,dez,2018,suic
Óbitos com causa desconhecida,1,1,2,rn,dez,2018,suic
Óbitos naturais/ óbitos por motivos de saúde,2,0,2,rn,jun,2018,suic
Óbitos criminais,2,0,2,rn,jun,2018,suic
Óbitos suicídios,1,0,1,rn,jun,2018,suic
Óbitos acidentais,2,0,2,rn,jun,2018,suic
Óbitos com causa desconhecida,0,0,0,rn,jun,2018,suic
Óbitos naturais/ óbitos por motivos de saúde,11,0,11,rn,dez,2019,suic
Óbitos criminais,3,0,3,rn,dez,2019,suic
Óbitos suicídios,1,0,1,rn,dez,2019,suic
Óbitos acidentais,0,0,0,rn,dez,2019,suic
Óbitos com causa desconhecida,0,0,0,rn,dez,2019,suic
Óbitos naturais/ óbitos por motivos de saúde,9,0,9,rn,jun,2019,suic
Óbitos criminais,1,0,1,rn,jun,2019,suic
Óbitos suicídios,0,0,0,rn,jun,2019,suic
Óbitos acidentais,0,0,0,rn,jun,2019,suic
Óbitos com causa desconhecida,0,0,0,rn,jun,2019,suic
Óbitos naturais/ óbitos por motivos de saúde,6,0,6,rn,dez,2020,suic
Óbitos criminais,0,0,0,rn,dez,2020,suic
Óbitos suicídios,2,0,2,rn,dez,2020,suic
Óbitos acidentais,0,0,0,rn,dez,2020,suic
Óbitos com causa desconhecida,34,0,34,rn,dez,2020,suic
Óbitos naturais/ óbitos por motivos de saúde,7,0,7,rn,jun,2020,suic
Óbitos criminais,2,0,2,rn,jun,2020,suic
Óbitos suicídios,2,0,2,rn,jun,2020,suic
Óbitos acidentais,0,0,0,rn,jun,2020,suic
Óbitos com causa desconhecida,10,0,10,rn,jun,2020,suic
Óbitos naturais/ óbitos por motivos de saúde,7,0,7,ro,dez,2014,suic
Óbitos criminais,1,0,1,ro,dez,2014,suic
Óbitos suicídios,1,0,1,ro,dez,2014,suic
Óbitos acidentais,4,0,4,ro,dez,2014,suic
Óbitos com causa desconhecida,0,0,0,ro,dez,2014,suic
Óbitos naturais/ óbitos por motivos de saúde,4,0,4,ro,jun,2014,suic
Óbitos criminais,6,0,6,ro,jun,2014,suic
Óbitos suicídios,0,0,0,ro,jun,2014,suic
Óbitos acidentais,0,0,0,ro,jun,2014,suic
Óbitos com causa desconhecida,1,0,1,ro,jun,2014,suic
Óbitos naturais/ óbitos por motivos de saúde,7,0,7,ro,dez,2015,suic
Óbitos criminais,0,0,0,ro,dez,2015,suic
Óbitos suicídios,5,0,5,ro,dez,2015,suic
Óbitos acidentais,2,0,2,ro,dez,2015,suic
Óbitos com causa desconhecida,0,0,0,ro,dez,2015,suic
Óbitos naturais/ óbitos por motivos de saúde,11,0,11,ro,dez,2016,suic
Óbitos criminais,6,0,6,ro,dez,2016,suic
Óbitos suicídios,1,0,1,ro,dez,2016,suic
Óbitos acidentais,1,0,1,ro,dez,2016,suic
Óbitos com causa desconhecida,1,0,1,ro,dez,2016,suic
Óbitos naturais/ óbitos por motivos de saúde,8,0,8,ro,jun,2016,suic
Óbitos criminais,3,0,3,ro,jun,2016,suic
Óbitos suicídios,0,1,1,ro,jun,2016,suic
Óbitos acidentais,0,0,0,ro,jun,2016,suic
Óbitos com causa desconhecida,0,0,0,ro,jun,2016,suic
Óbitos naturais/ óbitos por motivos de saúde,5,0,5,ro,dez,2017,suic
Óbitos criminais,4,0,4,ro,dez,2017,suic
Óbitos suicídios,3,0,3,ro,dez,2017,suic
Óbitos acidentais,1,0,1,ro,dez,2017,suic
Óbitos com causa desconhecida,0,0,0,ro,dez,2017,suic
Óbitos naturais/ óbitos por motivos de saúde,6,0,6,ro,jun,2017,suic
Óbitos criminais,6,0,6,ro,jun,2017,suic
Óbitos suicídios,2,0,2,ro,jun,2017,suic
Óbitos acidentais,1,0,1,ro,jun,2017,suic
Óbitos com causa desconhecida,0,0,0,ro,jun,2017,suic
Óbitos naturais/ óbitos por motivos de saúde,0,0,0,ro,dez,2018,suic
Óbitos criminais,5,0,5,ro,dez,2018,suic
Óbitos suicídios,1,0,1,ro,dez,2018,suic
Óbitos acidentais,0,0,0,ro,dez,2018,suic
Óbitos com causa desconhecida,2,1,3,ro,dez,2018,suic
Óbitos naturais/ óbitos por motivos de saúde,4,0,4,ro,dez,2019,suic
Óbitos criminais,0,0,0,ro,dez,2019,suic
Óbitos suicídios,3,0,3,ro,dez,2019,suic
Óbitos acidentais,1,0,1,ro,dez,2019,suic
Óbitos com causa desconhecida,1,0,1,ro,dez,2019,suic
Óbitos naturais/ óbitos por motivos de saúde,4,0,4,ro,jun,2019,suic
Óbitos criminais,3,0,3,ro,jun,2019,suic
Óbitos suicídios,2,1,3,ro,jun,2019,suic
Óbitos acidentais,0,0,0,ro,jun,2019,suic
Óbitos com causa desconhecida,0,2,2,ro,jun,2019,suic
Óbitos naturais/ óbitos por motivos de saúde,3,0,3,ro,dez,2020,suic
Óbitos criminais,3,0,3,ro,dez,2020,suic
Óbitos suicídios,1,1,2,ro,dez,2020,suic
Óbitos acidentais,2,0,2,ro,dez,2020,suic
Óbitos com causa desconhecida,9,0,9,ro,dez,2020,suic
Óbitos naturais/ óbitos por motivos de saúde,2,0,2,ro,jun,2020,suic
Óbitos criminais,5,0,5,ro,jun,2020,suic
Óbitos suicídios,3,0,3,ro,jun,2020,suic
Óbitos acidentais,0,0,0,ro,jun,2020,suic
Óbitos com causa desconhecida,1,0,1,ro,jun,2020,suic
Óbitos naturais/ óbitos por motivos de saúde,1,0,1,rr,dez,2014,suic
Óbitos criminais,0,0,0,rr,dez,2014,suic
Óbitos suicídios,0,0,0,rr,dez,2014,suic
Óbitos acidentais,0,0,0,rr,dez,2014,suic
Óbitos com causa desconhecida,0,0,0,rr,dez,2014,suic
Óbitos naturais/ óbitos por motivos de saúde,1,0,1,rr,jun,2014,suic
Óbitos criminais,0,0,0,rr,jun,2014,suic
Óbitos suicídios,0,0,0,rr,jun,2014,suic
Óbitos acidentais,0,0,0,rr,jun,2014,suic
Óbitos com causa desconhecida,0,0,0,rr,jun,2014,suic
Óbitos naturais/ óbitos por motivos de saúde,0,0,0,rr,dez,2015,suic
Óbitos criminais,0,0,0,rr,dez,2015,suic
Óbitos suicídios,0,0,0,rr,dez,2015,suic
Óbitos acidentais,0,0,0,rr,dez,2015,suic
Óbitos com causa desconhecida,0,0,0,rr,dez,2015,suic
Óbitos naturais/ óbitos por motivos de saúde,0,0,0,rr,dez,2016,suic
Óbitos criminais,11,0,11,rr,dez,2016,suic
Óbitos suicídios,0,0,0,rr,dez,2016,suic
Óbitos acidentais,0,0,0,rr,dez,2016,suic
Óbitos com causa desconhecida,0,0,0,rr,dez,2016,suic
Óbitos naturais/ óbitos por motivos de saúde,0,0,0,rr,jun,2016,suic
Óbitos criminais,0,0,0,rr,jun,2016,suic
Óbitos suicídios,0,0,0,rr,jun,2016,suic
Óbitos acidentais,0,0,0,rr,jun,2016,suic
Óbitos com causa desconhecida,0,0,0,rr,jun,2016,suic
Óbitos naturais/ óbitos por motivos de saúde,2,0,2,rr,dez,2017,suic
Óbitos criminais,1,1,2,rr,dez,2017,suic
Óbitos suicídios,1,0,1,rr,dez,2017,suic
Óbitos acidentais,2,0,2,rr,dez,2017,suic
Óbitos com causa desconhecida,0,0,0,rr,dez,2017,suic
Óbitos naturais/ óbitos por motivos de saúde,0,0,0,rr,jun,2017,suic
Óbitos criminais,36,0,36,rr,jun,2017,suic
Óbitos suicídios,0,0,0,rr,jun,2017,suic
Óbitos acidentais,0,0,0,rr,jun,2017,suic
Óbitos com causa desconhecida,0,0,0,rr,jun,2017,suic
Óbitos naturais/ óbitos por motivos de saúde,0,0,0,rr,dez,2018,suic
Óbitos criminais,0,0,0,rr,dez,2018,suic
Óbitos suicídios,0,0,0,rr,dez,2018,suic
Óbitos acidentais,0,0,0,rr,dez,2018,suic
Óbitos com causa desconhecida,10,0,0,rr,dez,2018,suic
Óbitos naturais/ óbitos por motivos de saúde,0,0,0,rr,jun,2018,suic
Óbitos criminais,2,0,2,rr,jun,2018,suic
Óbitos suicídios,0,0,0,rr,jun,2018,suic
Óbitos acidentais,0,0,0,rr,jun,2018,suic
Óbitos com causa desconhecida,0,0,0,rr,jun,2018,suic
Óbitos naturais/ óbitos por motivos de saúde,3,0,3,rr,dez,2019,suic
Óbitos criminais,0,0,0,rr,dez,2019,suic
Óbitos suicídios,0,0,0,rr,dez,2019,suic
Óbitos acidentais,0,0,0,rr,dez,2019,suic
Óbitos com causa desconhecida,0,0,0,rr,dez,2019,suic
Óbitos naturais/ óbitos por motivos de saúde,0,0,0,rr,jun,2019,suic
Óbitos criminais,0,0,0,rr,jun,2019,suic
Óbitos suicídios,0,0,0,rr,jun,2019,suic
Óbitos acidentais,0,0,0,rr,jun,2019,suic
Óbitos com causa desconhecida,0,0,0,rr,jun,2019,suic
Óbitos naturais/ óbitos por motivos de saúde,4,0,4,rr,dez,2020,suic
Óbitos criminais,0,0,0,rr,dez,2020,suic
Óbitos suicídios,0,0,0,rr,dez,2020,suic
Óbitos acidentais,0,0,0,rr,dez,2020,suic
Óbitos com causa desconhecida,0,0,0,rr,dez,2020,suic
Óbitos naturais/ óbitos por motivos de saúde,10,0,10,rr,jun,2020,suic
Óbitos criminais,0,0,0,rr,jun,2020,suic
Óbitos suicídios,1,0,1,rr,jun,2020,suic
Óbitos acidentais,0,0,0,rr,jun,2020,suic
Óbitos com causa desconhecida,0,0,0,rr,jun,2020,suic
Óbitos naturais/ óbitos por motivos de saúde,49,2,51,rs,dez,2014,suic
Óbitos criminais,10,0,10,rs,dez,2014,suic
Óbitos suicídios,6,0,6,rs,dez,2014,suic
Óbitos acidentais,5,0,5,rs,dez,2014,suic
Óbitos com causa desconhecida,13,0,13,rs,dez,2014,suic
Óbitos naturais/ óbitos por motivos de saúde,34,5,39,rs,jun,2014,suic
Óbitos criminais,17,0,17,rs,jun,2014,suic
Óbitos suicídios,4,0,4,rs,jun,2014,suic
Óbitos acidentais,5,0,5,rs,jun,2014,suic
Óbitos com causa desconhecida,1,0,1,rs,jun,2014,suic
Óbitos naturais/ óbitos por motivos de saúde,65,7,72,rs,dez,2015,suic
Óbitos criminais,9,0,9,rs,dez,2015,suic
Óbitos suicídios,6,0,6,rs,dez,2015,suic
Óbitos acidentais,1,0,1,rs,dez,2015,suic
Óbitos com causa desconhecida,1,0,1,rs,dez,2015,suic
Óbitos naturais/ óbitos por motivos de saúde,33,0,33,rs,dez,2016,suic
Óbitos criminais,16,1,17,rs,dez,2016,suic
Óbitos suicídios,6,0,6,rs,dez,2016,suic
Óbitos acidentais,2,0,2,rs,dez,2016,suic
Óbitos com causa desconhecida,3,0,3,rs,dez,2016,suic
Óbitos naturais/ óbitos por motivos de saúde,36,2,38,rs,jun,2016,suic
Óbitos criminais,6,0,6,rs,jun,2016,suic
Óbitos suicídios,0,0,0,rs,jun,2016,suic
Óbitos acidentais,2,0,2,rs,jun,2016,suic
Óbitos com causa desconhecida,2,0,2,rs,jun,2016,suic
Óbitos naturais/ óbitos por motivos de saúde,13,2,15,rs,dez,2017,suic
Óbitos criminais,18,0,18,rs,dez,2017,suic
Óbitos suicídios,3,0,3,rs,dez,2017,suic
Óbitos acidentais,1,0,1,rs,dez,2017,suic
Óbitos com causa desconhecida,7,1,8,rs,dez,2017,suic
Óbitos naturais/ óbitos por motivos de saúde,20,1,21,rs,jun,2017,suic
Óbitos criminais,16,0,16,rs,jun,2017,suic
Óbitos suicídios,5,0,5,rs,jun,2017,suic
Óbitos acidentais,2,0,2,rs,jun,2017,suic
Óbitos com causa desconhecida,6,1,7,rs,jun,2017,suic
Óbitos naturais/ óbitos por motivos de saúde,19,0,19,rs,dez,2018,suic
Óbitos criminais,18,1,19,rs,dez,2018,suic
Óbitos suicídios,4,0,4,rs,dez,2018,suic
Óbitos acidentais,2,0,2,rs,dez,2018,suic
Óbitos com causa desconhecida,9,0,9,rs,dez,2018,suic
Óbitos naturais/ óbitos por motivos de saúde,2,0,2,rs,jun,2018,suic
Óbitos criminais,1,0,1,rs,jun,2018,suic
Óbitos suicídios,0,0,0,rs,jun,2018,suic
Óbitos acidentais,0,0,0,rs,jun,2018,suic
Óbitos com causa desconhecida,1,0,1,rs,jun,2018,suic
Óbitos naturais/ óbitos por motivos de saúde,56,4,60,rs,dez,2019,suic
Óbitos criminais,8,0,8,rs,dez,2019,suic
Óbitos suicídios,5,1,6,rs,dez,2019,suic
Óbitos acidentais,1,0,1,rs,dez,2019,suic
Óbitos com causa desconhecida,11,1,12,rs,dez,2019,suic
Óbitos naturais/ óbitos por motivos de saúde,21,2,23,rs,jun,2019,suic
Óbitos criminais,14,0,14,rs,jun,2019,suic
Óbitos suicídios,6,0,6,rs,jun,2019,suic
Óbitos acidentais,3,0,3,rs,jun,2019,suic
Óbitos com causa desconhecida,8,1,9,rs,jun,2019,suic
Óbitos naturais/ óbitos por motivos de saúde,34,4,38,rs,dez,2020,suic
Óbitos criminais,15,0,15,rs,dez,2020,suic
Óbitos suicídios,5,1,6,rs,dez,2020,suic
Óbitos acidentais,3,0,3,rs,dez,2020,suic
Óbitos com causa desconhecida,26,1,27,rs,dez,2020,suic
Óbitos naturais/ óbitos por motivos de saúde,41,2,43,rs,jun,2020,suic
Óbitos criminais,13,0,13,rs,jun,2020,suic
Óbitos suicídios,6,1,7,rs,jun,2020,suic
Óbitos acidentais,1,0,1,rs,jun,2020,suic
Óbitos com causa desconhecida,7,1,8,rs,jun,2020,suic
Óbitos naturais/ óbitos por motivos de saúde,27,1,28,sc,dez,2014,suic
Óbitos criminais,2,0,2,sc,dez,2014,suic
Óbitos suicídios,6,0,6,sc,dez,2014,suic
Óbitos acidentais,3,0,3,sc,dez,2014,suic
Óbitos com causa desconhecida,1,0,1,sc,dez,2014,suic
Óbitos naturais/ óbitos por motivos de saúde,20,0,20,sc,jun,2014,suic
Óbitos criminais,2,0,2,sc,jun,2014,suic
Óbitos suicídios,6,0,6,sc,jun,2014,suic
Óbitos acidentais,5,0,5,sc,jun,2014,suic
Óbitos com causa desconhecida,0,0,0,sc,jun,2014,suic
Óbitos naturais/ óbitos por motivos de saúde,65,15,80,sc,dez,2015,suic
Óbitos criminais,23,0,23,sc,dez,2015,suic
Óbitos suicídios,14,0,14,sc,dez,2015,suic
Óbitos acidentais,0,0,0,sc,dez,2015,suic
Óbitos com causa desconhecida,1,0,1,sc,dez,2015,suic
Óbitos naturais/ óbitos por motivos de saúde,26,1,27,sc,dez,2016,suic
Óbitos criminais,6,0,6,sc,dez,2016,suic
Óbitos suicídios,2,0,2,sc,dez,2016,suic
Óbitos acidentais,1,0,1,sc,dez,2016,suic
Óbitos com causa desconhecida,0,0,0,sc,dez,2016,suic
Óbitos naturais/ óbitos por motivos de saúde,19,5,24,sc,jun,2016,suic
Óbitos criminais,1,0,1,sc,jun,2016,suic
Óbitos suicídios,0,0,0,sc,jun,2016,suic
Óbitos acidentais,1,0,1,sc,jun,2016,suic
Óbitos com causa desconhecida,0,0,0,sc,jun,2016,suic
Óbitos naturais/ óbitos por motivos de saúde,12,1,13,sc,dez,2017,suic
Óbitos criminais,6,0,6,sc,dez,2017,suic
Óbitos suicídios,6,1,7,sc,dez,2017,suic
Óbitos acidentais,0,0,0,sc,dez,2017,suic
Óbitos com causa desconhecida,4,0,4,sc,dez,2017,suic
Óbitos naturais/ óbitos por motivos de saúde,13,2,15,sc,jun,2017,suic
Óbitos criminais,12,0,12,sc,jun,2017,suic
Óbitos suicídios,5,0,5,sc,jun,2017,suic
Óbitos acidentais,0,0,0,sc,jun,2017,suic
Óbitos com causa desconhecida,1,0,1,sc,jun,2017,suic
Óbitos naturais/ óbitos por motivos de saúde,30,2,32,sc,dez,2018,suic
Óbitos criminais,10,0,10,sc,dez,2018,suic
Óbitos suicídios,3,0,3,sc,dez,2018,suic
Óbitos acidentais,1,0,1,sc,dez,2018,suic
Óbitos com causa desconhecida,0,0,0,sc,dez,2018,suic
Óbitos naturais/ óbitos por motivos de saúde,21,0,21,sc,jun,2018,suic
Óbitos criminais,6,0,6,sc,jun,2018,suic
Óbitos suicídios,0,0,0,sc,jun,2018,suic
Óbitos acidentais,3,0,3,sc,jun,2018,suic
Óbitos com causa desconhecida,4,0,4,sc,jun,2018,suic
Óbitos naturais/ óbitos por motivos de saúde,24,0,24,sc,dez,2019,suic
Óbitos criminais,2,0,2,sc,dez,2019,suic
Óbitos suicídios,6,0,6,sc,dez,2019,suic
Óbitos acidentais,2,0,2,sc,dez,2019,suic
Óbitos com causa desconhecida,0,0,0,sc,dez,2019,suic
Óbitos naturais/ óbitos por motivos de saúde,16,1,17,sc,jun,2019,suic
Óbitos criminais,8,0,8,sc,jun,2019,suic
Óbitos suicídios,5,1,6,sc,jun,2019,suic
Óbitos acidentais,1,0,1,sc,jun,2019,suic
Óbitos com causa desconhecida,3,0,3,sc,jun,2019,suic
Óbitos naturais/ óbitos por motivos de saúde,28,0,28,sc,dez,2020,suic
Óbitos criminais,6,0,6,sc,dez,2020,suic
Óbitos suicídios,4,2,6,sc,dez,2020,suic
Óbitos acidentais,1,0,1,sc,dez,2020,suic
Óbitos com causa desconhecida,5,1,6,sc,dez,2020,suic
Óbitos naturais/ óbitos por motivos de saúde,15,0,15,sc,jun,2020,suic
Óbitos criminais,4,0,4,sc,jun,2020,suic
Óbitos suicídios,6,0,6,sc,jun,2020,suic
Óbitos acidentais,1,0,1,sc,jun,2020,suic
Óbitos com causa desconhecida,1,0,1,sc,jun,2020,suic
Óbitos naturais/ óbitos por motivos de saúde,1,0,1,se,dez,2014,suic
Óbitos criminais,2,0,2,se,dez,2014,suic
Óbitos suicídios,0,0,0,se,dez,2014,suic
Óbitos acidentais,0,0,0,se,dez,2014,suic
Óbitos com causa desconhecida,0,0,0,se,dez,2014,suic
Óbitos naturais/ óbitos por motivos de saúde,6,0,6,se,jun,2014,suic
Óbitos criminais,2,0,2,se,jun,2014,suic
Óbitos suicídios,0,0,0,se,jun,2014,suic
Óbitos acidentais,0,0,0,se,jun,2014,suic
Óbitos com causa desconhecida,0,0,0,se,jun,2014,suic
Óbitos naturais/ óbitos por motivos de saúde,1,0,1,se,dez,2015,suic
Óbitos criminais,1,0,1,se,dez,2015,suic
Óbitos suicídios,2,0,2,se,dez,2015,suic
Óbitos acidentais,1,0,1,se,dez,2015,suic
Óbitos com causa desconhecida,0,0,0,se,dez,2015,suic
Óbitos naturais/ óbitos por motivos de saúde,11,0,11,se,dez,2016,suic
Óbitos criminais,1,0,1,se,dez,2016,suic
Óbitos suicídios,2,0,2,se,dez,2016,suic
Óbitos acidentais,0,0,0,se,dez,2016,suic
Óbitos com causa desconhecida,1,1,2,se,dez,2016,suic
Óbitos naturais/ óbitos por motivos de saúde,5,0,5,se,jun,2016,suic
Óbitos criminais,1,0,1,se,jun,2016,suic
Óbitos suicídios,0,0,0,se,jun,2016,suic
Óbitos acidentais,5,0,5,se,jun,2016,suic
Óbitos com causa desconhecida,1,0,1,se,jun,2016,suic
Óbitos naturais/ óbitos por motivos de saúde,3,0,3,se,dez,2017,suic
Óbitos criminais,2,0,2,se,dez,2017,suic
Óbitos suicídios,0,0,0,se,dez,2017,suic
Óbitos acidentais,0,0,0,se,dez,2017,suic
Óbitos com causa desconhecida,0,0,0,se,dez,2017,suic
Óbitos naturais/ óbitos por motivos de saúde,15,0,15,se,jun,2017,suic
Óbitos criminais,0,0,0,se,jun,2017,suic
Óbitos suicídios,0,0,0,se,jun,2017,suic
Óbitos acidentais,0,0,0,se,jun,2017,suic
Óbitos com causa desconhecida,0,0,0,se,jun,2017,suic
Óbitos naturais/ óbitos por motivos de saúde,6,0,6,se,dez,2018,suic
Óbitos criminais,1,0,1,se,dez,2018,suic
Óbitos suicídios,0,0,0,se,dez,2018,suic
Óbitos acidentais,0,0,0,se,dez,2018,suic
Óbitos com causa desconhecida,0,0,0,se,dez,2018,suic
Óbitos naturais/ óbitos por motivos de saúde,6,0,6,se,jun,2018,suic
Óbitos criminais,0,0,0,se,jun,2018,suic
Óbitos suicídios,0,0,0,se,jun,2018,suic
Óbitos acidentais,0,0,0,se,jun,2018,suic
Óbitos com causa desconhecida,0,0,0,se,jun,2018,suic
Óbitos naturais/ óbitos por motivos de saúde,7,0,7,se,dez,2019,suic
Óbitos criminais,0,0,0,se,dez,2019,suic
Óbitos suicídios,0,0,0,se,dez,2019,suic
Óbitos acidentais,0,0,0,se,dez,2019,suic
Óbitos com causa desconhecida,6,0,6,se,dez,2019,suic
Óbitos naturais/ óbitos por motivos de saúde,4,0,4,se,jun,2019,suic
Óbitos criminais,2,0,2,se,jun,2019,suic
Óbitos suicídios,0,1,1,se,jun,2019,suic
Óbitos acidentais,0,0,0,se,jun,2019,suic
Óbitos com causa desconhecida,1,0,1,se,jun,2019,suic
Óbitos naturais/ óbitos por motivos de saúde,13,0,13,se,dez,2020,suic
Óbitos criminais,0,0,0,se,dez,2020,suic
Óbitos suicídios,1,0,1,se,dez,2020,suic
Óbitos acidentais,0,0,0,se,dez,2020,suic
Óbitos com causa desconhecida,1,0,1,se,dez,2020,suic
Óbitos naturais/ óbitos por motivos de saúde,2,0,2,se,jun,2020,suic
Óbitos criminais,0,0,0,se,jun,2020,suic
Óbitos suicídios,0,0,0,se,jun,2020,suic
Óbitos acidentais,0,0,0,se,jun,2020,suic
Óbitos com causa desconhecida,0,0,0,se,jun,2020,suic
Óbitos naturais/ óbitos por motivos de saúde,214,10,224,sp,dez,2014,suic
Óbitos criminais,10,0,10,sp,dez,2014,suic
Óbitos suicídios,22,1,23,sp,dez,2014,suic
Óbitos acidentais,7,0,7,sp,dez,2014,suic
Óbitos com causa desconhecida,13,1,14,sp,dez,2014,suic
Óbitos naturais/ óbitos por motivos de saúde,NI,NI,NI,sp,jun,2014,suic
Óbitos criminais,NI,NI,NI,sp,jun,2014,suic
Óbitos suicídios,NI,NI,NI,sp,jun,2014,suic
Óbitos acidentais,NI,NI,NI,sp,jun,2014,suic
Óbitos com causa desconhecida,NI,NI,NI,sp,jun,2014,suic
Óbitos naturais/ óbitos por motivos de saúde,376,23,399,sp,dez,2015,suic
Óbitos criminais,15,0,15,sp,dez,2015,suic
Óbitos suicídios,22,9,31,sp,dez,2015,suic
Óbitos acidentais,4,0,4,sp,dez,2015,suic
Óbitos com causa desconhecida,21,1,22,sp,dez,2015,suic
Óbitos naturais/ óbitos por motivos de saúde,196,19,215,sp,dez,2016,suic
Óbitos criminais,13,0,13,sp,dez,2016,suic
Óbitos suicídios,18,0,18,sp,dez,2016,suic
Óbitos acidentais,1,1,2,sp,dez,2016,suic
Óbitos com causa desconhecida,11,0,11,sp,dez,2016,suic
Óbitos naturais/ óbitos por motivos de saúde,195,12,207,sp,jun,2016,suic
Óbitos criminais,9,0,9,sp,jun,2016,suic
Óbitos suicídios,15,2,17,sp,jun,2016,suic
Óbitos acidentais,1,0,1,sp,jun,2016,suic
Óbitos com causa desconhecida,8,2,10,sp,jun,2016,suic
Óbitos naturais/ óbitos por motivos de saúde,230,10,240,sp,dez,2017,suic
Óbitos criminais,10,0,10,sp,dez,2017,suic
Óbitos suicídios,14,5,19,sp,dez,2017,suic
Óbitos acidentais,0,0,0,sp,dez,2017,suic
Óbitos com causa desconhecida,1,0,1,sp,dez,2017,suic
Óbitos naturais/ óbitos por motivos de saúde,229,8,237,sp,jun,2017,suic
Óbitos criminais,9,0,9,sp,jun,2017,suic
Óbitos suicídios,10,0,10,sp,jun,2017,suic
Óbitos acidentais,0,0,0,sp,jun,2017,suic
Óbitos com causa desconhecida,5,1,6,sp,jun,2017,suic
Óbitos naturais/ óbitos por motivos de saúde,203,7,210,sp,dez,2018,suic
Óbitos criminais,3,0,3,sp,dez,2018,suic
Óbitos suicídios,13,3,16,sp,dez,2018,suic
Óbitos acidentais,1,0,1,sp,dez,2018,suic
Óbitos com causa desconhecida,7,0,7,sp,dez,2018,suic
Óbitos naturais/ óbitos por motivos de saúde,182,8,190,sp,jun,2018,suic
Óbitos criminais,4,0,4,sp,jun,2018,suic
Óbitos suicídios,13,0,13,sp,jun,2018,suic
Óbitos acidentais,1,0,1,sp,jun,2018,suic
Óbitos com causa desconhecida,3,0,3,sp,jun,2018,suic
Óbitos naturais/ óbitos por motivos de saúde,187,13,200,sp,dez,2019,suic
Óbitos criminais,3,0,3,sp,dez,2019,suic
Óbitos suicídios,6,3,9,sp,dez,2019,suic
Óbitos acidentais,2,0,2,sp,dez,2019,suic
Óbitos com causa desconhecida,11,0,11,sp,dez,2019,suic
Óbitos naturais/ óbitos por motivos de saúde,182,9,191,sp,jun,2019,suic
Óbitos criminais,5,0,5,sp,jun,2019,suic
Óbitos suicídios,13,3,16,sp,jun,2019,suic
Óbitos acidentais,1,0,1,sp,jun,2019,suic
Óbitos com causa desconhecida,9,0,9,sp,jun,2019,suic
Óbitos naturais/ óbitos por motivos de saúde,164,13,177,sp,dez,2020,suic
Óbitos criminais,3,0,3,sp,dez,2020,suic
Óbitos suicídios,12,1,13,sp,dez,2020,suic
Óbitos acidentais,1,0,1,sp,dez,2020,suic
Óbitos com causa desconhecida,17,0,17,sp,dez,2020,suic
Óbitos naturais/ óbitos por motivos de saúde,202,6,208,sp,jun,2020,suic
Óbitos criminais,6,0,6,sp,jun,2020,suic
Óbitos suicídios,14,1,15,sp,jun,2020,suic
Óbitos acidentais,0,0,0,sp,jun,2020,suic
Óbitos com causa desconhecida,20,2,22,sp,jun,2020,suic
Óbitos naturais/ óbitos por motivos de saúde,1,0,1,to,dez,2014,suic
Óbitos criminais,1,0,1,to,dez,2014,suic
Óbitos suicídios,2,0,2,to,dez,2014,suic
Óbitos acidentais,2,0,2,to,dez,2014,suic
Óbitos com causa desconhecida,0,0,0,to,dez,2014,suic
Óbitos naturais/ óbitos por motivos de saúde,1,0,1,to,jun,2014,suic
Óbitos criminais,5,0,5,to,jun,2014,suic
Óbitos suicídios,2,0,2,to,jun,2014,suic
Óbitos acidentais,0,0,0,to,jun,2014,suic
Óbitos com causa desconhecida,0,0,0,to,jun,2014,suic
Óbitos naturais/ óbitos por motivos de saúde,5,0,5,to,dez,2015,suic
Óbitos criminais,6,0,6,to,dez,2015,suic
Óbitos suicídios,3,0,3,to,dez,2015,suic
Óbitos acidentais,0,0,0,to,dez,2015,suic
Óbitos com causa desconhecida,0,0,0,to,dez,2015,suic
Óbitos naturais/ óbitos por motivos de saúde,1,0,1,to,dez,2016,suic
Óbitos criminais,3,0,3,to,dez,2016,suic
Óbitos suicídios,3,0,3,to,dez,2016,suic
Óbitos acidentais,0,0,0,to,dez,2016,suic
Óbitos com causa desconhecida,0,0,0,to,dez,2016,suic
Óbitos naturais/ óbitos por motivos de saúde,3,0,3,to,jun,2016,suic
Óbitos criminais,4,0,4,to,jun,2016,suic
Óbitos suicídios,2,0,2,to,jun,2016,suic
Óbitos acidentais,0,0,0,to,jun,2016,suic
Óbitos com causa desconhecida,0,0,0,to,jun,2016,suic
Óbitos naturais/ óbitos por motivos de saúde,0,0,0,to,dez,2017,suic
Óbitos criminais,5,0,5,to,dez,2017,suic
Óbitos suicídios,0,0,0,to,dez,2017,suic
Óbitos acidentais,0,0,0,to,dez,2017,suic
Óbitos com causa desconhecida,0,0,0,to,dez,2017,suic
Óbitos naturais/ óbitos por motivos de saúde,1,0,1,to,jun,2017,suic
Óbitos criminais,4,0,4,to,jun,2017,suic
Óbitos suicídios,0,0,0,to,jun,2017,suic
Óbitos acidentais,0,0,0,to,jun,2017,suic
Óbitos com causa desconhecida,0,0,0,to,jun,2017,suic
Óbitos naturais/ óbitos por motivos de saúde,1,0,1,to,dez,2018,suic
Óbitos criminais,6,0,6,to,dez,2018,suic
Óbitos suicídios,0,0,0,to,dez,2018,suic
Óbitos acidentais,0,0,0,to,dez,2018,suic
Óbitos com causa desconhecida,0,0,0,to,dez,2018,suic
Óbitos naturais/ óbitos por motivos de saúde,0,0,0,to,jun,2018,suic
Óbitos criminais,1,0,1,to,jun,2018,suic
Óbitos suicídios,0,0,0,to,jun,2018,suic
Óbitos acidentais,0,0,0,to,jun,2018,suic
Óbitos com causa desconhecida,0,0,0,to,jun,2018,suic
Óbitos naturais/ óbitos por motivos de saúde,1,0,1,to,dez,2019,suic
Óbitos criminais,2,0,2,to,dez,2019,suic
Óbitos suicídios,1,0,1,to,dez,2019,suic
Óbitos acidentais,1,0,1,to,dez,2019,suic
Óbitos com causa desconhecida,1,0,1,to,dez,2019,suic
Óbitos naturais/ óbitos por motivos de saúde,2,0,2,to,jun,2019,suic
Óbitos criminais,1,0,1,to,jun,2019,suic
Óbitos suicídios,0,0,0,to,jun,2019,suic
Óbitos acidentais,0,0,0,to,jun,2019,suic
Óbitos com causa desconhecida,0,0,0,to,jun,2019,suic
Óbitos naturais/ óbitos por motivos de saúde,0,0,0,to,dez,2020,suic
Óbitos criminais,6,0,6,to,dez,2020,suic
Óbitos suicídios,1,0,1,to,dez,2020,suic
Óbitos acidentais,1,0,1,to,dez,2020,suic
Óbitos com causa desconhecida,0,0,0,to,dez,2020,suic
Óbitos naturais/ óbitos por motivos de saúde,3,0,3,to,jun,2020,suic
Óbitos criminais,3,0,3,to,jun,2020,suic
Óbitos suicídios,1,0,1,to,jun,2020,suic
Óbitos acidentais,0,0,0,to,jun,2020,suic
Óbitos com causa desconhecida,0,0,0,to,jun,2020,suic
